RICE,NSF.PROJECT.OBS,Oryza sativa,GSOR301001,GSOR301001,Agostano,Italy,NSFTV1,IRGC3135,1882627,6.1,16,0,6,2,2,75,2,5.8,3.1,30.75,4,111,5,8.4,8.06,16
RICE,NSF.PROJECT.OBS,Oryza sativa,GSOR301002,GSOR301002,Aichi Asahi,Japan,NSFTV2,IRGC40252,1882628,7,17,0,5,2,3,80,2,5.6,2.9,26.21,3,103,3,9.6,7.57,23.51
RICE,NSF.PROJECT.OBS,Oryza sativa,GSOR301003,GSOR301003,Ai-Chiao-Hong,China,NSFTV3,IRGC51250,1882629,5.8,23,0,3,1,4,90,2,5.6,2.6,23.16,7,144,7,9.2,7.71,23
RICE,NSF.PROJECT.OBS,Oryza sativa,GSOR301004,GSOR301004,NSF-TV 4,Unknown,NSFTV4,GSOR301004,1882630,4.7,23,0,2.5,1,4,95,2,6.1,2.5,22.35,5,128,7,8,8.24,24
RICE,NSF.PROJECT.OBS,Oryza sativa,GSOR301005,GSOR301005,NSF-TV 5,Unknown,NSFTV5,GSOR301005,1882631,6,19,0,4,2,3,88,2,7.1,2,23.03,8,154,3,9.6,9.71,20
RICE,NSF.PROJECT.OBS,Oryza sativa,GSOR301006,GSOR301006,ARC 7229,India,NSFTV6,PI653066,1882632,5.5,23,0,,2,3,89,4,5.1,2.8,21.86,7,148,7,8.5,7.12,24
RICE,NSF.PROJECT.OBS,Oryza sativa,GSOR301007,GSOR301007,Arias,Indonesia,NSFTV7,IRGC43325,1882633,6.3,20,1,1.5,2,5,105,2,5.5,2.2,21.83,5,120,3,11.8,7.35,20
RICE,NSF.PROJECT.OBS,Oryza sativa,GSOR301008,GSOR301008,Asse Y Pung,Philippines,NSFTV8,CIor461,1882634,6.6,22,0,1.5,2,5,102,3,6.5,2.2,20.38,7,147,3,8.7,8.57,23
RICE,NSF.PROJECT.OBS,Oryza sativa,GSOR301009,GSOR301009,Baber,India,NSFTV9,IRGC33984,1882635,5.4,22,5,6.5,2,2,73,6,5.5,2.9,26.81,5,129,7,9.9,7.68,24
RICE,NSF.PROJECT.OBS,Oryza sativa,GSOR301010,GSOR301010,Baghlani Nangarhar,Afghanistan,NSFTV10,IRGC58266,1882636,6.9,15,1,2.5,2,3,83,2,5,2.9,25.87,2,98,5,9.5,7.3,16.39
RICE,NSF.PROJECT.OBS,Oryza sativa,GSOR301011,GSOR301011,Basmati,Pakistan,NSFTV12,IRGC27805,1882637,5.9,25,5,6,1,5,102,2,6.5,2.2,22.81,7,140,3,8.1,8.76,23
RICE,NSF.PROJECT.OBS,Oryza sativa,GSOR301012,GSOR301012,NSF-TV 13,Unknown,NSFTV13,GSOR301012,1882638,4.9,17,9,1,2,5,100,2,5.9,2.4,18.69,6,135,7,0,8.37,27
RICE,NSF.PROJECT.OBS,Oryza sativa,GSOR301013,GSOR301013,Basmati 217,,NSFTV14,,1882639,6.3,20,0,3.5,2,6,115,2,6.8,1.9,23.62,5,121,3,9.7,,
RICE,NSF.PROJECT.OBS,Oryza sativa,GSOR301014,GSOR301014,Bico Branco,Brazil,NSFTV16,PI653068,1882640,5.5,26,0,2.5,3,4,90,2,7.5,2.1,23.15,9,162,7,8,9.96,22
RICE,NSF.PROJECT.OBS,Oryza sativa,GSOR301015,GSOR301015,Binulawan,Philippines,NSFTV17,IRGC26872,1882641,6.5,24,0,1.5,2,3,82,2,4.9,2.5,24.15,3,104,3,8.9,7.61,13.82
RICE,NSF.PROJECT.OBS,Oryza sativa,GSOR301016,GSOR301016,BJ 1,India,NSFTV18,IRGC45195,1882642,5.1,18,9,4.5,5,4,99,5,5.6,2.5,26.98,6,132,9,8.6,7.66,27
RICE,NSF.PROJECT.OBS,Oryza sativa,GSOR301017,GSOR301017,Black Gora,India,NSFTV19,IRGC40275,1882643,6.6,25,0,1.8,5,3,85,8,5.8,2.6,19.53,5,121,7,7.9,8.08,24
RICE,NSF.PROJECT.OBS,Oryza sativa,GSOR301018,GSOR301018,Blue Rose,United States,NSFTV20,CIor1962,1882644,7,23,0,1.5,2,5,104,2,6,2.8,29.65,6,131,3,8.7,8.21,18
RICE,NSF.PROJECT.OBS,Oryza sativa,GSOR301019,GSOR301019,Byakkoku Y 5006 Seln,Australia,NSFTV21,CIor12248,1882645,5.7,23,0,2,2,4,99,4,5.1,2.7,26.26,5,127,7,8.8,7.1,24
RICE,NSF.PROJECT.OBS,Oryza sativa,GSOR301020,GSOR301020,Caawa/Fortuna 6-103-15,Taiwan,NSFTV22,IRGC5441,1882646,5.8,20,0,2,2,4,95,2,6.5,3,31.77,6,135,3,8.4,8.76,22.89
RICE,NSF.PROJECT.OBS,Oryza sativa,GSOR301021,GSOR301021,Canella De Ferro,Brazil,NSFTV23,IRGC50448,1882647,6,21,0,3.5,2,5,103,2,6.3,2.8,26.84,4,112,3,8,8.62,23
RICE,NSF.PROJECT.OBS,Oryza sativa,GSOR301022,GSOR301022,Carolina Gold,United States,NSFTV24,CIor12033,1882648,5.6,17,0,2,2,4,91,2,7.2,2.8,32.36,6,133,3,8.1,9.67,23
RICE,NSF.PROJECT.OBS,Oryza sativa,GSOR301023,GSOR301023,Carolina Gold,United States,NSFTV25,CIor12034,1882649,6.3,11,0,1.5,1,4,92,3,6.5,3.7,38.43,6,132,3,8.8,8.82,25
RICE,NSF.PROJECT.OBS,Oryza sativa,GSOR301024,GSOR301024,Carolina Gold Sel,United States,NSFTV26,IRGC1724,1882650,5.1,23,0,5.5,1,4,92,2,7.2,2.7,29.53,6,137,3,8.3,9.64,23
RICE,NSF.PROJECT.OBS,Oryza sativa,GSOR301025,GSOR301025,NSF-TV 27,Unknown,NSFTV27,GSOR301025,1882651,2.1,23,0,4,3,4,90,4,7.2,2.9,25.74,2,96,5,7.5,10.18,17
RICE,NSF.PROJECT.OBS,Oryza sativa,GSOR301026,GSOR301026,Champa Tong 54,Thailand,NSFTV28,PI653071,1882652,5.7,24,0,1.5,1,3,82,2,6.5,2.6,22.49,7,145,5,7.7,8.86,23
RICE,NSF.PROJECT.OBS,Oryza sativa,GSOR301027,GSOR301027,Chau,Vietnam,NSFTV29,IRGC56036,1882653,5.5,20,0,6,2,1,60,2,5.9,2.6,24.53,6,131,7,6.8,7.81,
RICE,NSF.PROJECT.OBS,Oryza sativa,GSOR301028,GSOR301028,Chiem Chanh,,NSFTV30,,1882654,6.6,18,5,4,4,5,104,4,6.3,2.2,22.3,5,121,7,7.9,,
RICE,NSF.PROJECT.OBS,Oryza sativa,GSOR301029,GSOR301029,Chinese,,NSFTV31,,1882655,7,23,5,3,2,4,99,2,5.2,2.9,18.73,4,118,3,8.1,,
RICE,NSF.PROJECT.OBS,Oryza sativa,GSOR301030,GSOR301030,Chodongji,South Korea,NSFTV32,IRGC55471,1882656,6.9,21,5,7,2,4,93,6,4.8,3,11.57,5,128,5,10.4,6.82,18
RICE,NSF.PROJECT.OBS,Oryza sativa,GSOR301031,GSOR301031,Chuan 4,,NSFTV33,,1882657,4.7,24,1,6.5,2,3,82,2,5.4,2.4,20.8,5,126,5,11.2,,
RICE,NSF.PROJECT.OBS,Oryza sativa,GSOR301032,GSOR301032,NSF-TV 34,Unknown,NSFTV34,GSOR301032,1882658,7,15,0,8.5,2,6,116,4,5.5,2.3,27.55,6,135,3,7.7,7.44,
RICE,NSF.PROJECT.OBS,Oryza sativa,GSOR301033,GSOR301033,CO18,India,NSFTV35,IRGC6331,1882659,7,21,0,5,4,8,130,6,5.7,2.5,24.46,3,109,3,7.6,7.16,23.86
RICE,NSF.PROJECT.OBS,Oryza sativa,GSOR301034,GSOR301034,CS-M3,,NSFTV36,,1882660,6.8,23,0,7,2,4,92,2,5.8,2.8,29.92,6,130,5,8.4,,
RICE,NSF.PROJECT.OBS,Oryza sativa,GSOR301035,GSOR301035,Cuba 65,Cuba,NSFTV37,IRGC10658,1882661,4.3,1,0,4,3,3,86,2,6.9,2.2,28.25,3,102,3,8.7,9.26,22
RICE,NSF.PROJECT.OBS,Oryza sativa,GSOR301037,GSOR301037,NSF-TV 39,Unknown,NSFTV39,GSOR301037,1882662,6.7,22,0,6.5,4,4,95,4,6.6,2.7,16.41,8,150,9,9.4,9.16,26
RICE,NSF.PROJECT.OBS,Oryza sativa,GSOR301038,GSOR301038,Dam,Thailand,NSFTV40,PI653075,1882663,7.2,25,0,5,2,4,96,6,5.9,3.1,23.69,4,115,3,8.3,8.22,0
RICE,NSF.PROJECT.OBS,Oryza sativa,GSOR301039,GSOR301039,Darmali,Nepal,NSFTV41,IRGC27630,1882664,3.3,24,1,3.5,2,5,108,5,5,2.6,21.48,9,175,3,7.6,6.78,
RICE,NSF.PROJECT.OBS,Oryza sativa,GSOR301040,GSOR301040,Dee Geo Woo Gen,Taiwan,NSFTV43,PI279131,1882665,6,19,0,3,2,4,92,2,5.6,2.7,28.84,2,99,7,9.1,7.58,27
RICE,NSF.PROJECT.OBS,Oryza sativa,GSOR301041,GSOR301041,Dhala Shaitta,Bangladesh,NSFTV44,IRGC3686,1882666,3.3,22,0,1.5,4,3,82,2,6.2,2.2,31.52,6,136,9,8.5,8.41,25
RICE,NSF.PROJECT.OBS,Oryza sativa,GSOR301042,GSOR301042,Dom Sufid,Iran,NSFTV45,PI584607,1882667,5.2,26,5,2.3,2,3,82,3,7,2.5,18.88,7,141,3,8.4,9.45,20
RICE,NSF.PROJECT.OBS,Oryza sativa,GSOR301043,GSOR301043,Dourado Agulha,Brazil,NSFTV46,IRGC3297,1882668,5.5,24,5,2,1,4,96,3,7.4,2.6,25.47,5,127,3,8.6,9.85,23
RICE,NSF.PROJECT.OBS,Oryza sativa,GSOR301045,GSOR301045,DV85,Bangladesh,NSFTV49,IRGC8839,1882669,5.5,19,9,6,6,4,96,6,5.2,2.4,24.55,5,127,7,8.6,7.15,27
RICE,NSF.PROJECT.OBS,Oryza sativa,GSOR301046,GSOR301046,DZ78,Bangladesh,NSFTV50,IRGC8555,1882670,4.8,0,,,5,4,95,8,5.5,3,22.84,6,131,7,14.1,7.65,25
RICE,NSF.PROJECT.OBS,Oryza sativa,GSOR301047,GSOR301047,Early Wataribune,Japan,NSFTV51,CIor9738,1882671,7.2,21,0,2.5,2,5,103,4,5.3,3,23.39,5,123,5,8.7,7.37,18
RICE,NSF.PROJECT.OBS,Oryza sativa,GSOR301048,GSOR301048,Eh Ia Chiu,Taiwan,NSFTV52,IRGC8241,1882672,0,24,,5.5,2,,,1,4.7,2.8,28.67,1,88,3,8.3,6.71,
RICE,NSF.PROJECT.OBS,Oryza sativa,GSOR301049,GSOR301049,Firooz,Iran,NSFTV53,IRGC39261,1882673,5.7,17,0,5.5,2,4,91,2,7.4,2.1,27.3,8,153,5,11.9,9.83,22
RICE,NSF.PROJECT.OBS,Oryza sativa,GSOR301050,GSOR301050,Fortuna,United States,NSFTV54,CIor1344,1882674,5.9,13,0,3.5,2,5,109,2,7.2,2.5,23.61,6,133,5,8.1,9.48,24
RICE,NSF.PROJECT.OBS,Oryza sativa,GSOR301051,GSOR301051,Gerdeh,Iran,NSFTV55,IRGC32300,1882675,6.9,23,7,3,2,2,75,4,6.5,2.7,20.5,3,101,3,7.9,8.94,17
RICE,NSF.PROJECT.OBS,Oryza sativa,GSOR301052,GSOR301052,Geumobyeo,South Korea,NSFTV56,PI597018,1882676,6.8,26,0,6.5,3,2,74,5,5.1,2.8,24.34,0,77,3,8.1,7.16,
RICE,NSF.PROJECT.OBS,Oryza sativa,GSOR301053,GSOR301053,NSF-TV 57,Unknown,NSFTV57,GSOR301053,1882677,5.7,18,0,6.5,2,4,90,2,5.3,2.6,25.69,6,137,7,9.1,7.33,24
RICE,NSF.PROJECT.OBS,Oryza sativa,GSOR301054,GSOR301054,Ghati Kamma Nangarhar,Afghanistan,NSFTV58,IRGC58278,1882678,4.6,18,0,7.5,2,4,91,2,5.7,2.8,27.72,5,129,7,8.9,7.91,27
RICE,NSF.PROJECT.OBS,Oryza sativa,GSOR301055,GSOR301055,Gogo Lempuk,Indonesia,NSFTV59,IRGC43394,1882679,4.3,25,9,4,2,3,82,2,5.1,2.9,24.08,6,137,5,7.5,7.27,19
RICE,NSF.PROJECT.OBS,Oryza sativa,GSOR301056,GSOR301056,Gotak Gatik,Indonesia,NSFTV60,IRGC43397,1882680,5.1,23,1,3,2,3,82,2,5.7,2.8,31.95,5,129,5,8,7.84,19
RICE,NSF.PROJECT.OBS,Oryza sativa,GSOR301057,GSOR301057,Guan-Yin-Tsan,China,NSFTV61,IRGC51300,1882681,5.5,23,0,2,3,3,89,2,5.7,2.6,19.7,7,142,9,,7.92,26
RICE,NSF.PROJECT.OBS,Oryza sativa,GSOR301058,GSOR301058,Honduras,Honduras,NSFTV65,CIor1643,1882682,5.3,18,0,2.3,2,5,101,2,7.2,2.7,27.29,6,130,3,8.1,9.71,25
RICE,NSF.PROJECT.OBS,Oryza sativa,GSOR301059,GSOR301059,Hsia Chioh Keh Tu,Taiwan,NSFTV66,IRGC8240,1882683,7,24,0,1,2,9,145,2,4.9,2.4,19.94,6,131,5,0,,21.48
RICE,NSF.PROJECT.OBS,Oryza sativa,GSOR301060,GSOR301060,Hu Lo Tao,China,NSFTV67,IRGC8264,1882684,7,23,0,1.5,3,6,115,4,5.4,3,22.9,5,124,5,8.5,7.44,
RICE,NSF.PROJECT.OBS,Oryza sativa,GSOR301061,GSOR301061,I-Geo-Tze,,NSFTV68,IRGC117754,1882685,5.4,14,0,1,2,4,98,4,5.5,2.4,32.91,1,87,7,8.7,,
RICE,NSF.PROJECT.OBS,Oryza sativa,GSOR301062,GSOR301062,IAC 25,Brazil,NSFTV69,IRGC19642,1882686,5.1,25,0,1.8,2,4,93,2,6.9,2.4,21.77,4,114,3,8.1,9.3,22
RICE,NSF.PROJECT.OBS,Oryza sativa,GSOR301063,GSOR301063,Iguape Cateto,Haiti,NSFTV70,IRGC4122,1882687,4.5,20,0,2,2,4,91,2,6.3,2.7,23.83,5,128,3,11.2,8.64,22
RICE,NSF.PROJECT.OBS,Oryza sativa,GSOR301064,GSOR301064,IR 36,Philippines,NSFTV71,IRGC30416,1882688,6.9,25,0,1,2,5,101,2,5.8,2.4,25.67,2,99,3,7.7,8,24
RICE,NSF.PROJECT.OBS,Oryza sativa,GSOR301065,GSOR301065,IR 8,Philippines,NSFTV72,PI312627,1882689,7,24,0,4.5,2,5,108,2,6.3,2.4,18.93,2,91,3,9.1,8.42,24
RICE,NSF.PROJECT.OBS,Oryza sativa,GSOR301066,GSOR301066,IRAT 177,French Guiana,NSFTV73,GID 58752,1882690,2.3,26,0,2.5,2,4,91,2,7.3,2.6,23.64,3,103,3,7.7,9.9,16
RICE,NSF.PROJECT.OBS,Oryza sativa,GSOR301067,GSOR301067,IRGA 409,Brazil,NSFTV74,IRGC77483,1882691,7,10,0,6.5,2,4,99,6,6.9,2,27.83,3,104,5,7.3,9.52,26
RICE,NSF.PROJECT.OBS,Oryza sativa,GSOR301068,GSOR301068,Jambu,Indonesia,NSFTV75,PI653079,1882692,5.4,26,5,4,2,3,88,2,5.7,2.7,16.1,6,132,3,0,7.99,20
RICE,NSF.PROJECT.OBS,Oryza sativa,GSOR301069,GSOR301069,Jaya,India,NSFTV76,IRGC11099,1882693,7,25,0,1,2,6,110,2,6.4,2.6,24.4,2,94,3,8.4,8.56,26
RICE,NSF.PROJECT.OBS,Oryza sativa,GSOR301070,GSOR301070,JC149,India,NSFTV77,PI403583,1882694,7,11,0,5.5,2,7,125,6,5.3,2.7,22.51,7,145,3,8.1,7.37,24
RICE,NSF.PROJECT.OBS,Oryza sativa,GSOR301071,GSOR301071,Jhona 349,India,NSFTV78,IRGC6307,1882695,5.1,20,0,3,2,4,99,2,6.5,2.3,24.89,6,134,7,9.3,9.18,27
RICE,NSF.PROJECT.OBS,Oryza sativa,GSOR301072,GSOR301072,Jouiku 393G,Japan,NSFTV79,PI653098,1882696,6.5,27,1,6.5,2,2,76,2,6.1,2.8,15.53,2,91,3,7.6,8.56,14
RICE,NSF.PROJECT.OBS,Oryza sativa,GSOR301073,GSOR301073,K 65,Suriname,NSFTV80,PI276884,1882697,5.4,0,0,3,2,6,111,2,7.2,2.1,37.78,3,106,3,8.3,9.08,26
RICE,NSF.PROJECT.OBS,Oryza sativa,GSOR301074,GSOR301074,Kalamkati,India,NSFTV81,IRGC45975,1882698,5.2,1,0,5,2,3,83,2,7,2.2,27.57,6,139,7,8.9,9.5,26
RICE,NSF.PROJECT.OBS,Oryza sativa,GSOR301075,GSOR301075,Kamenoo,Japan,NSFTV83,PI403629,1882699,6.5,25,0,2.5,2,2,79,2,4.9,2.9,17.64,3,107,3,8.4,6.94,15
RICE,NSF.PROJECT.OBS,Oryza sativa,GSOR301076,GSOR301076,Kaniranga,Indonesia,NSFTV84,IRGC9145,1882700,5.4,22,7,1.5,2,3,89,2,5.4,2.8,20.65,6,133,5,7.9,7.86,21
RICE,NSF.PROJECT.OBS,Oryza sativa,GSOR301077,GSOR301077,Kasalath,India,NSFTV85,HO1195,1882701,4.6,0,7,2.5,5,5,101,2,5.2,2.2,23.09,7,143,7,8.2,7.38,26
RICE,NSF.PROJECT.OBS,Oryza sativa,GSOR301078,GSOR301078,Kaw Luyoeng,,NSFTV86,IRGC126368,1882702,7,20,0,5.5,2,4,97,5,6.9,3.1,22.99,4,112,1,9.1,,
RICE,NSF.PROJECT.OBS,Oryza sativa,GSOR301079,GSOR301079,Keriting Tingii,Indonesia,NSFTV87,PI653081,1882703,6.6,17,0,2,2,5,101,5,6.4,2.9,29.62,4,111,3,8.8,8.61,0
RICE,NSF.PROJECT.OBS,Oryza sativa,GSOR301080,GSOR301080,Khao Gaew,Thailand,NSFTV88,PI653082,1882704,5.9,17,0,3.5,2,4,92,2,5.2,2.5,22.39,6,137,5,9.2,7.25,25
RICE,NSF.PROJECT.OBS,Oryza sativa,GSOR301081,GSOR301081,NSF-TV 89,Unknown,NSFTV89,IRGC117782,1882705,6.1,15,0,4,2,4,91,2,4.9,2.7,24.1,4,115,3,7.5,6.79,24
RICE,NSF.PROJECT.OBS,Oryza sativa,GSOR301082,GSOR301082,Kiang-Chou-Chiu,,NSFTV90,IRGC117784,1882706,7,20,0,3,1,3,83,5,5.4,2.6,27.79,5,127,9,8.1,,
RICE,NSF.PROJECT.OBS,Oryza sativa,GSOR301083,GSOR301083,Kibi,Japan,NSFTV91,IRGC5310,1882707,7,12,1,3.5,2,4,99,4,5,2.9,23.93,5,124,3,9.7,6.95,17.51
RICE,NSF.PROJECT.OBS,Oryza sativa,GSOR301084,GSOR301084,Kinastano,Philippines,NSFTV92,IRGC3782,1882708,4.7,24,0,2,2,4,92,2,5.8,3.1,19.36,5,123,3,7.7,7.97,23
RICE,NSF.PROJECT.OBS,Oryza sativa,GSOR301085,GSOR301085,Kitrana 508,Madagascar,NSFTV93,PI653083,1882709,3.7,26,9,4.5,2,3,88,2,7,2.1,25.66,8,150,5,8.2,9.47,17
RICE,NSF.PROJECT.OBS,Oryza sativa,GSOR301086,GSOR301086,Koshihikari,Japan,NSFTV94,PI330464,1882710,6.5,22,0,1.5,2,3,84,2,5.1,2.9,30.4,2,93,5,8.9,7.32,16
RICE,NSF.PROJECT.OBS,Oryza sativa,GSOR301087,GSOR301087,NSFTV95,,NSFTV95,PI597044,1882711,5.3,10,0,2.3,2,4,90,2,6.4,2.8,25.8,6,139,5,8.7,,
RICE,NSF.PROJECT.OBS,Oryza sativa,GSOR301088,GSOR301088,KU115,Thailand,NSFTV96,IRGC117792,1882712,7,20,0,6,2,5,104,2,6.2,2.8,25.53,3,102,3,9.5,8.39,13
RICE,NSF.PROJECT.OBS,Oryza sativa,GSOR301089,GSOR301089,Kun-Min-Tsieh-Hunan,,NSFTV97,IRGC117793,1882713,5.6,21,0,1,2,4,98,3,5.1,2.6,24.3,7,141,7,8.7,,
RICE,NSF.PROJECT.OBS,Oryza sativa,GSOR301090,GSOR301090,L-202,,NSFTV98,IRGC117794,1882714,3.8,17,0,4.5,2,3,84,2,7.5,2.1,29.89,1,84,3,7.7,,
RICE,NSF.PROJECT.OBS,Oryza sativa,GSOR301091,GSOR301091,LAC 23,Liberia,NSFTV99,IRGC117796,1882715,5.3,9,0,5.5,2,4,90,2,7.1,2.7,23.27,6,134,3,8.4,9.58,23
RICE,NSF.PROJECT.OBS,Oryza sativa,GSOR301092,GSOR301092,Lacrosse,United States,NSFTV100,IRGC117797,1882716,6.9,25,0,4,2,3,84,2,5.9,2.9,19.98,4,115,3,7.2,8.14,14
RICE,NSF.PROJECT.OBS,Oryza sativa,GSOR301093,GSOR301093,Lemont,United States,NSFTV101,IRGC117802,1882717,6.3,14,0,0.5,2,3,86,2,7.2,2.3,27.12,1,86,3,7.4,9.63,23
RICE,NSF.PROJECT.OBS,Oryza sativa,GSOR301094,GSOR301094,Leung Pratew,,NSFTV102,,1882718,5.9,19,1,1,2,4,93,2,7.3,2.2,30.53,3,102,5,9,,
RICE,NSF.PROJECT.OBS,Oryza sativa,GSOR301095,GSOR301095,Luk Takhar,Afghanistan,NSFTV103,IRGC58286,1882719,6.8,23,0,1.5,2,3,84,2,5.3,3.1,25.54,2,95,3,9.3,7.53,17
RICE,NSF.PROJECT.OBS,Oryza sativa,GSOR301096,GSOR301096,Mansaku,,NSFTV104,,1882720,6.9,24,9,2,2,2,78,6,4.5,2.9,15.21,4,110,5,7.7,,
RICE,NSF.PROJECT.OBS,Oryza sativa,GSOR301097,GSOR301097,Mehr,Iran,NSFTV105,PI653087,1882721,5,25,0,4,3,3,81,4,5.7,2.4,23.64,6,131,7,7.5,7.61,25
RICE,NSF.PROJECT.OBS,Oryza sativa,GSOR301098,GSOR301098,Ming Hui,China,NSFTV106,PI602626,1882722,3.6,23,0,1,2,5,103,2,7,2.5,13.3,2,94,3,7.6,9.42,18.5
RICE,NSF.PROJECT.OBS,Oryza sativa,GSOR301099,GSOR301099,NSF-TV 107,Unknown,NSFTV107,GSOR301099,1882723,5.5,16,0,4.5,2,3,81,3,7.4,2.6,22.68,4,114,5,8.4,9.94,19
RICE,NSF.PROJECT.OBS,Oryza sativa,GSOR301100,GSOR301100,Moroberekan,Guinea,NSFTV108,IRGC12048,1882724,6.1,14,0,5,2,5,102,4,6.6,2.9,23.8,4,113,1,9.1,9.04,
RICE,NSF.PROJECT.OBS,Oryza sativa,GSOR301101,GSOR301101,MTU9,India,NSFTV109,IRGC7919,1882725,6.2,21,0,7.5,2,5,103,3,5.7,2.1,30.54,7,148,3,8.7,7.62,23.76
RICE,NSF.PROJECT.OBS,Oryza sativa,GSOR301102,GSOR301102,Mudgo,India,NSFTV110,IRGC6663,1882726,6.9,20,0,4.5,5,8,134,5,6.3,2.6,27.84,8,154,5,8.2,8.79,25
RICE,NSF.PROJECT.OBS,Oryza sativa,GSOR301104,GSOR301104,N12,India,NSFTV112,IRGC6298,1882727,6.8,1,1,4,3,5,108,2,6.6,1.9,23.34,9,161,3,8,8.75,
RICE,NSF.PROJECT.OBS,Oryza sativa,GSOR301105,GSOR301105,Norin 20,Japan,NSFTV113,IRGC418,1882728,7,13,1,8.5,3,0,59,4,5.1,2.9,27.31,2,91,5,8,7.33,14
RICE,NSF.PROJECT.OBS,Oryza sativa,GSOR301106,GSOR301106,Nova,United States,NSFTV114,CIor9459,1882729,6.9,22,0,1,2,3,85,2,6,2.8,20.87,3,109,3,9.3,8.14,14
RICE,NSF.PROJECT.OBS,Oryza sativa,GSOR301107,GSOR301107,NPE 835,Pakistan,NSFTV115,IRGC38696,1882730,6.4,20,9,2,,3,87,5,5.9,3.1,27.62,5,127,3,8.3,8.02,
RICE,NSF.PROJECT.OBS,Oryza sativa,GSOR301108,GSOR301108,NSF-TV 116,Unknown,NSFTV116,GSOR301108,1882731,4.9,15,0,3,2,4,91,2,6.9,2.6,25.96,6,136,3,8.2,9.16,24
RICE,NSF.PROJECT.OBS,Oryza sativa,GSOR301109,GSOR301109,O-Luen-Cheung,Taiwan,NSFTV117,IRGC8179,1882732,7,22,0,1.8,2,3,83,5,5.5,2.6,21.77,6,135,7,10,7.9,0
RICE,NSF.PROJECT.OBS,Oryza sativa,GSOR301110,GSOR301110,Oro,Chile,NSFTV118,PI439118,1882733,7,25,0,3,2,2,73,2,5.6,3.1,20.64,3,107,3,7.5,7.85,
RICE,NSF.PROJECT.OBS,Oryza sativa,GSOR301111,GSOR301111,Oryzica Llanos 5,Colombia,NSFTV119,PI584668,1882734,7,24,0,6,2,6,114,2,7.3,2.2,23.26,2,91,3,7.4,9.94,21
RICE,NSF.PROJECT.OBS,Oryza sativa,GSOR301112,GSOR301112,OS6,Nigeria,NSFTV120,PI458474,1882735,5.8,25,0,1,2,4,93,2,6.8,2.6,13.29,6,135,3,9.3,9.17,23
RICE,NSF.PROJECT.OBS,Oryza sativa,GSOR301113,GSOR301113,Ostiglia,Argentina,NSFTV121,CIor8,1882736,6.5,16,0,4,2,3,84,2,5.4,3.1,23.73,4,114,3,7.9,7.5,16
RICE,NSF.PROJECT.OBS,Oryza sativa,GSOR301114,GSOR301114,Padi Kasalle,Indonesia,NSFTV122,IRGC8261,1882737,7,25,9,3,2,5,107,2,5.8,2.7,19.37,9,160,5,7.7,7.65,22
RICE,NSF.PROJECT.OBS,Oryza sativa,GSOR301115,GSOR301115,Pagaiyahan,Taiwan,NSFTV123,IRGC8267,1882738,6.2,25,1,4,2,4,92,2,5.4,2.7,22.87,6,132,5,7.7,7.51,24
RICE,NSF.PROJECT.OBS,Oryza sativa,GSOR301116,GSOR301116,Pao-Tou-Hung,China,NSFTV125,IRGC51400,1882739,6,27,0,1.5,2,4,93,3,5.9,2.6,17.37,8,153,7,7.7,8.21,23
RICE,NSF.PROJECT.OBS,Oryza sativa,GSOR301117,GSOR301117,Pappaku,Taiwan,NSFTV126,IRGC8268,1882740,6.4,0,0,7.5,2,5,100,4,5.3,2.6,23.46,7,144,5,7.2,7.45,25
RICE,NSF.PROJECT.OBS,Oryza sativa,GSOR301119,GSOR301119,Pato De Gallinazo,Australia,NSFTV128,PI392542,1882741,6.9,15,0,4.5,2,3,81,2,5.7,2.8,34.12,4,117,3,9.9,7.7,16
RICE,NSF.PROJECT.OBS,Oryza sativa,GSOR301120,GSOR301120,Peh-Kuh,Taiwan,NSFTV129,IRGC8238,1882742,6.2,20,0,1,2,3,89,2,5.5,2.6,27.7,6,136,5,9.2,7.63,26
RICE,NSF.PROJECT.OBS,Oryza sativa,GSOR301121,GSOR301121,Peh-Kuh-Tsao-Tu,Taiwan,NSFTV130,IRGC8237,1882743,5.4,,,,2,3,88,2,5.4,2.7,,7,144,7,,7.54,23
RICE,NSF.PROJECT.OBS,Oryza sativa,GSOR301122,GSOR301122,Phudugey,Bhutan,NSFTV131,PI584566,1882744,6,23,1,1.5,2,3,81,2,5.9,2.3,23.53,7,140,5,8,8.35,27
RICE,NSF.PROJECT.OBS,Oryza sativa,GSOR301123,GSOR301123,Rathuwee,Sri Lanka,NSFTV132,PI584605,1882745,6.5,26,0,7,2,5,105,3,6,2.3,12.53,5,129,5,9.6,8.33,26
RICE,NSF.PROJECT.OBS,Oryza sativa,GSOR301124,GSOR301124,Rikuto Kemochi,Japan,NSFTV133,IRGC2719,1882746,7,21,9,5,2,4,90,2,5,3,20.84,4,119,3,8.2,7.32,0
RICE,NSF.PROJECT.OBS,Oryza sativa,GSOR301125,GSOR301125,Romeo,Italy,NSFTV134,PI433512,1882747,6.3,13,0,6,2,3,82,2,6.2,3.3,23.67,4,111,5,8.9,8.65,15
RICE,NSF.PROJECT.OBS,Oryza sativa,GSOR301126,GSOR301126,RT 1031-69,Zaire,NSFTV135,PI653090,1882748,5.6,23,0,1,2,4,93,2,6.7,2.7,10.1,2,99,3,0,9.05,19
RICE,NSF.PROJECT.OBS,Oryza sativa,GSOR301127,GSOR301127,RTS12,,NSFTV136,,1882749,,25,,1,,,,,,,21.92,1,88,1,8.8,,
RICE,NSF.PROJECT.OBS,Oryza sativa,GSOR301128,GSOR301128,RTS14,Vietnam,NSFTV137,IRGC8178,1882750,5.4,19,0,6,2,3,82,2,5.9,2.5,23.81,6,130,7,7.7,8.12,22
RICE,NSF.PROJECT.OBS,Oryza sativa,GSOR301129,GSOR301129,RTS4,Vietnam,NSFTV138,PI653091,1882751,7,18,0,4.5,2,8,130,5,5.1,2.4,27.51,6,139,3,7.4,7.21,23.37
RICE,NSF.PROJECT.OBS,Oryza sativa,GSOR301130,GSOR301130,S4542A3-49B-2B12,United States,NSFTV139,IRGC1923,1882752,5,23,0,1,2,4,90,2,6.9,2,18.58,3,107,3,10.5,9.05,22
RICE,NSF.PROJECT.OBS,Oryza sativa,GSOR301131,GSOR301131,Saturn,United States,NSFTV140,CIor9540,1882753,6.5,,0,,2,3,82,2,6,2.6,,3,100,3,,8.25,13
RICE,NSF.PROJECT.OBS,Oryza sativa,GSOR301132,GSOR301132,Seratoes Hari,Indonesia,NSFTV141,IRGC8260,1882754,6.9,22,0,2.8,2,5,101,2,5.6,2,15.12,5,129,3,7.5,8.08,23
RICE,NSF.PROJECT.OBS,Oryza sativa,GSOR301133,GSOR301133,Shai-Kuh,China,NSFTV142,IRGC8197,1882755,7,24,1,2.5,4,6,112,2,5.8,2.4,34.56,9,194,9,,8.16,24
RICE,NSF.PROJECT.OBS,Oryza sativa,GSOR301134,GSOR301134,Shinriki,Japan,NSFTV143,CIor1642,1882756,7,23,0,4.5,2,4,96,2,5.3,2.7,25.02,2,98,,8,7.38,17
RICE,NSF.PROJECT.OBS,Oryza sativa,GSOR301135,GSOR301135,Shoemed,United States,NSFTV144,PI392539,1882757,7,15,0,5.5,2,4,93,2,5.4,2.9,24.47,3,104,3,8.4,7.47,17.91
RICE,NSF.PROJECT.OBS,Oryza sativa,GSOR301136,GSOR301136,Short Grain,Thailand,NSFTV145,IRGC5075,1882758,7,16,0,1.5,2,4,97,2,6.2,2.3,23.3,8,157,3,8.3,8.73,22
RICE,NSF.PROJECT.OBS,Oryza sativa,GSOR301137,GSOR301137,Shuang-Chiang,Taiwan,NSFTV146,IRGC8242,1882759,,26,0,3,,,,,,,17.6,1,88,1,9.1,,
RICE,NSF.PROJECT.OBS,Oryza sativa,GSOR301138,GSOR301138,Sinampaga Selection,Philippines,NSFTV147,IRGC3967,1882760,6.6,28,0,2.5,2,5,107,4,6,2,23.62,3,106,1,8.1,7.85,22
RICE,NSF.PROJECT.OBS,Oryza sativa,GSOR301139,GSOR301139,Sintane Diofor,Burkina Faso,NSFTV148,IRGC5418,1882761,7,18,0,6.5,2,9,160,3,6.7,2.7,29.38,3,107,3,10,,23.52
RICE,NSF.PROJECT.OBS,Oryza sativa,GSOR301140,GSOR301140,Sinaguing,Philippines,NSFTV149,CIor3337,1882762,5.9,19,0,5.5,2,5,104,2,7,2.4,27.31,7,141,3,10.4,9.35,23
RICE,NSF.PROJECT.OBS,Oryza sativa,GSOR301141,GSOR301141,Sultani,Egypt,NSFTV150,CIor1658,1882763,6.4,24,0,1,2,3,84,2,6.1,2.7,21.25,3,108,3,8.1,8.27,15
RICE,NSF.PROJECT.OBS,Oryza sativa,GSOR301142,GSOR301142,Suweon,Korea,NSFTV151,PI597021,1882764,6.3,19,0,2,2,4,90,4,5.1,2.9,25.14,1,81,3,8,7.41,15
RICE,NSF.PROJECT.OBS,Oryza sativa,GSOR301143,GSOR301143,T 1,India,NSFTV152,IRGC6294,1882765,5.5,20,1,6.5,2,3,83,4,6.8,1.8,25.58,8,154,5,8,9.39,27
RICE,NSF.PROJECT.OBS,Oryza sativa,GSOR301144,GSOR301144,T26,India,NSFTV153,PI653094,1882766,5.9,,7,,2,3,84,2,7.1,2.1,14.88,7,144,5,,9.5,27
RICE,NSF.PROJECT.OBS,Oryza sativa,GSOR301145,GSOR301145,Ta Hung Ku,China,NSFTV154,IRGC1107,1882767,5.4,19,9,1.8,2,2,77,2,6.3,2.9,24.35,4,113,3,9.4,8.57,18
RICE,NSF.PROJECT.OBS,Oryza sativa,GSOR301146,GSOR301146,Ta Mao Tsao,China,NSFTV155,IRGC8194,1882768,4.8,24,9,1,2,3,83,3,5.4,3,22.26,4,117,5,7.7,7.52,18
RICE,NSF.PROJECT.OBS,Oryza sativa,GSOR301147,GSOR301147,Taichung Native 1,Taiwan,NSFTV156,PI271672,1882769,7,26,0,8,2,4,94,2,5.4,2.7,13.15,2,98,5,7.6,7.39,24
RICE,NSF.PROJECT.OBS,Oryza sativa,GSOR301148,GSOR301148,Tainan Iku 487,Taiwan,NSFTV157,PI215936,1882770,7,27,0,1,2,3,88,3,5.3,2.9,17.37,2,98,3,7.4,7.4,18
RICE,NSF.PROJECT.OBS,Oryza sativa,GSOR301149,GSOR301149,Taipei 309,Taiwan,NSFTV158,PI366153,1882771,7,20,1,6.5,2,3,82,2,5,3,23.9,4,111,3,7.2,6.95,
RICE,NSF.PROJECT.OBS,Oryza sativa,GSOR301150,GSOR301150,Tam Cau 9A,Vietnam,NSFTV159,IRGC8228,1882772,,19,0,6,2,9,146,6,5.3,2,24.27,4,110,1,8.8,7.74,
RICE,NSF.PROJECT.OBS,Oryza sativa,GSOR301151,GSOR301151,NSF-TV 160,Unknown,NSFTV160,GSOR301151,1882773,4.9,27,1,7,2,3,83,4,6.1,2.6,23.82,6,134,7,8.6,8.38,18
RICE,NSF.PROJECT.OBS,Oryza sativa,GSOR301152,GSOR301152,TeQing,China,NSFTV161,PI536047,1882774,5.9,22,0,4.5,4,4,97,2,5.6,2.6,21.07,2,96,5,8.9,7.68,22
RICE,NSF.PROJECT.OBS,Oryza sativa,GSOR301153,GSOR301153,TKM6,India,NSFTV162,IRGC237,1882775,7,28,0,6,2,5,111,2,5.8,2.1,24.51,5,129,5,7.7,8.09,
RICE,NSF.PROJECT.OBS,Oryza sativa,GSOR301154,GSOR301154,Taducan,Philippines,NSFTV163,PI280681,1882776,6.8,11,0,6.5,2,5,103,4,5.7,2.2,30.25,7,144,9,9.7,7.76,26
RICE,NSF.PROJECT.OBS,Oryza sativa,GSOR301155,GSOR301155,Tondok,Indonesia,NSFTV164,IRGC3575,1882777,6.6,22,9,4.5,2,5,105,2,6.3,2.7,23.83,4,111,3,8.9,8.88,21
RICE,NSF.PROJECT.OBS,Oryza sativa,GSOR301156,GSOR301156,Trembese,Indonesia,NSFTV165,IRGC43675,1882778,5.4,25,9,1,2,3,85,2,5.6,2.7,25.58,6,135,5,7.8,7.7,19
RICE,NSF.PROJECT.OBS,Oryza sativa,GSOR301157,GSOR301157,Tsipala 421,Madagascar,NSFTV166,PI653096,1882779,6.4,23,0,1,2,5,104,6,6.3,2.4,24.26,9,161,5,10.5,8.78,28
RICE,NSF.PROJECT.OBS,Oryza sativa,GSOR301158,GSOR301158,B6616A4-22-Bk-5-4,United States,NSFTV167,CIorÌ_ 9881,1882780,6.1,18,0,3.5,2,3,88,2,7.1,2.1,25.34,2,90,3,7.6,9.16,22
RICE,NSF.PROJECT.OBS,Oryza sativa,GSOR301159,GSOR301159,Vary Vato 462,Madagascar,NSFTV168,PI653097,1882781,6.4,23,0,2,2,5,101,6,6.4,2.6,30.6,8,159,5,9,8.78,28
RICE,NSF.PROJECT.OBS,Oryza sativa,GSOR301160,GSOR301160,WC 6,China,NSFTV169,CIor 5309,1882782,6.7,23,0,5,1,3,86,7,7.7,2.7,23.16,7,144,7,9.8,10.57,0
RICE,NSF.PROJECT.OBS,Oryza sativa,GSOR301161,GSOR301161,Wells,United States,NSFTV170,PI612439,1882783,5.9,14,0,7.5,2,3,89,2,7.2,2.2,27.02,2,98,1,7.6,9.31,22.85
RICE,NSF.PROJECT.OBS,Oryza sativa,GSOR301162,GSOR301162,ZHE 733,China,NSFTV171,PI629016,1882784,3.7,27,0,4,2,3,71,2,6.4,2.5,15.58,1,87,5,8,8.88,25
RICE,NSF.PROJECT.OBS,Oryza sativa,GSOR301163,GSOR301163,Zhenshan 2,China,NSFTV172,PI602624,1882785,5.6,22,0,7.5,2,2,74,2,5.6,2.7,28.87,1,86,3,8.7,7.88,21
RICE,NSF.PROJECT.OBS,Oryza sativa,GSOR301164,GSOR301164,Nipponbare,,NSFTV173,,1882786,6.6,19,0,8,2,4,91,2,5.2,2.9,25.89,2,94,3,8,,
RICE,NSF.PROJECT.OBS,Oryza sativa,GSOR301165,GSOR301165,Azucena,Philippines,NSFTV174,IRGC328,1882787,6.2,19,0,8,2,5,101,2,7.4,2.4,24.65,8,152,3,7.4,9.85,22
RICE,NSF.PROJECT.OBS,Oryza sativa,GSOR301167,GSOR301167,583,Ecuador,NSFTV176,PI241372,1882788,6.5,18,0,4,3,4,99,2,6.8,2.5,26.15,6,132,3,7.4,9.1,22
RICE,NSF.PROJECT.OBS,Oryza sativa,GSOR301168,GSOR301168,68-2,France,NSFTV177,PI330641,1882789,6.4,24,0,1,2,2,76,2,5.8,2.7,26.89,2,90,5,7.6,7.96,13
RICE,NSF.PROJECT.OBS,Oryza sativa,GSOR301169,GSOR301169,ARC 6578,India,NSFTV178,PI373403,1882790,5.7,19,0,8,2,3,88,4,5,2.3,28.91,9,160,7,8.8,6.79,28
RICE,NSF.PROJECT.OBS,Oryza sativa,GSOR301170,GSOR301170,Bellardone,France,NSFTV179,PI224942,1882791,6.9,23,0,2.5,2,2,72,4,5.4,3,28.27,2,97,5,7.7,7.49,15
RICE,NSF.PROJECT.OBS,Oryza sativa,GSOR301171,GSOR301171,Benllok,Peru,NSFTV180,PI130960,1882792,6.9,17,0,4.5,2,2,79,2,5.2,3.1,25.2,4,113,5,7.1,7.19,18
RICE,NSF.PROJECT.OBS,Oryza sativa,GSOR301172,GSOR301172,Bergreis,Austria,NSFTV181,PI163336,1882793,7,20,0,6,2,5,107,2,5.4,2.9,22.66,5,126,5,8.3,7.52,19
RICE,NSF.PROJECT.OBS,Oryza sativa,GSOR301173,GSOR301173,Blue Rose Supreme,United States,NSFTV182,CIor5793,1882794,7,24,0,1,2,5,107,2,6.3,2.8,20.85,5,128,3,8.2,8.54,18
RICE,NSF.PROJECT.OBS,Oryza sativa,GSOR301174,GSOR301174,Boa Vista,El Salvador,NSFTV183,PI199542,1882795,5.5,23,0,1.5,2,4,94,2,6.5,2.6,21.95,5,122,3,8.1,8.69,23
RICE,NSF.PROJECT.OBS,Oryza sativa,GSOR301175,GSOR301175,Bombon,Spain,NSFTV184,PI402794,1882796,6.9,23,0,4.5,2,3,84,6,5.3,3.2,18.32,4,118,5,9.1,7.37,20
RICE,NSF.PROJECT.OBS,Oryza sativa,GSOR301176,GSOR301176,British Honduras Creole,,NSFTV185,,1882797,5.7,19,0,4,2,4,93,2,6.9,2.7,26.02,5,127,3,9.4,,
RICE,NSF.PROJECT.OBS,Oryza sativa,GSOR301177,GSOR301177,Bul Zo,South Korea,NSFTV186,PI162177,1882798,6.6,19,0,3,2,3,88,2,5.3,3,25.18,3,107,5,0,7.43,17
RICE,NSF.PROJECT.OBS,Oryza sativa,GSOR301178,GSOR301178,C57-5043,United States,NSFTV187,CIor9425,1882799,6.7,23,0,2,2,2,76,2,7.3,2.1,23.82,3,106,3,8.4,9.69,20
RICE,NSF.PROJECT.OBS,Oryza sativa,GSOR301179,GSOR301179,Coppocina,Bulgaria,NSFTV188,PI373899,1882800,6.4,16,0,1.5,2,5,102,4,5.6,2.7,38.55,5,120,1,8.2,7.41,23
RICE,NSF.PROJECT.OBS,Oryza sativa,GSOR301180,GSOR301180,Criollo La Fria,Venezuela,NSFTV189,PI161568,1882801,5.8,,,,2,3,80,2,5.3,2.8,,7,142,5,,7.46,23
RICE,NSF.PROJECT.OBS,Oryza sativa,GSOR301181,GSOR301181,Delrex,United States,NSFTV190,CIor8320,1882802,6.2,21,1,0.5,2,6,112,4,6,2.2,11.44,4,111,5,9.8,8.36,
RICE,NSF.PROJECT.OBS,Oryza sativa,GSOR301182,GSOR301182,Dom Zard,Iran,NSFTV191,PI584608,1882803,5,22,1,2.5,2,3,83,2,7,2.4,26.48,8,152,5,9.8,9.52,20
RICE,NSF.PROJECT.OBS,Oryza sativa,GSOR301183,GSOR301183,Erythroceros Hokkaido,Poland,NSFTV192,PI265114,1882804,6.9,21,9,2,2,0,56,7,5.6,3,22.4,2,94,5,0,8.15,19
RICE,NSF.PROJECT.OBS,Oryza sativa,GSOR301184,GSOR301185,HG 24,Burkina Faso,NSFTV194,PI548068,1882805,5.6,28,0,2,2,5,102,2,6.4,2.7,23.24,4,118,3,6.8,,
RICE,NSF.PROJECT.OBS,Oryza sativa,GSOR301186,GSOR301186,IRAT 13,Cote D'Ivoire,NSFTV195,PI584559,1882806,3.3,25,0,2,2,4,92,2,7.3,2.9,31.86,2,96,3,9.2,10.29,17
RICE,NSF.PROJECT.OBS,Oryza sativa,GSOR301187,GSOR301187,JM70,Mali,NSFTV196,PI590403,1882807,,21,,1.5,5,6,116,,,,30.05,3,102,3,9,,
RICE,NSF.PROJECT.OBS,Oryza sativa,GSOR301188,GSOR301188,Kaukkyi Ani,Myanmar,NSFTV197,PI584567,1882808,7,23,0,3.5,2,7,125,5,4.1,2.7,22.52,3,100,3,7.7,5.89,21
RICE,NSF.PROJECT.OBS,Oryza sativa,GSOR301189,GSOR301189,Leah,Bulgaria,NSFTV198,CIor9979,1882809,5.3,16,0,8,2,3,85,2,7.3,2.3,38.15,2,91,5,9,9.72,22
RICE,NSF.PROJECT.OBS,Oryza sativa,GSOR301190,GSOR301190,Mojito Colorado,Bolivia,NSFTV199,PI242804,1882810,6.2,15,0,7,2,3,83,3,4.9,2.8,33.99,5,124,3,10,6.8,25
RICE,NSF.PROJECT.OBS,Oryza sativa,GSOR301191,GSOR301191,P 737,Pakistan,NSFTV200,PI430956,1882811,5.9,27,0,4.5,5,5,104,2,5.8,2.4,24.07,6,137,5,7.5,8.03,28
RICE,NSF.PROJECT.OBS,Oryza sativa,GSOR301192,GSOR301192,Pate Blanc Mn 1,Cote D'Ivoire,NSFTV201,PI584612,1882812,6,23,0,2,2,5,106,2,6.8,3,20.98,4,111,3,7.6,9.35,24
RICE,NSF.PROJECT.OBS,Oryza sativa,GSOR301193,GSOR301193,Pratao,Brazil,NSFTV202,PI460635,1882813,5.4,23,0,3.5,2,4,93,2,7.1,2.6,18.37,5,127,3,7.5,9.38,21
RICE,NSF.PROJECT.OBS,Oryza sativa,GSOR301194,GSOR301194,Radin Ebos 33,Malaysia,NSFTV203,PI392705,1882814,5.7,25,0,1,2,3,82,2,5.8,2.4,22.84,7,144,7,7.5,7.88,22
RICE,NSF.PROJECT.OBS,Oryza sativa,GSOR301195,GSOR301195,Razza 77,Italy,NSFTV204,PI215482,1882815,6.1,25,0,3,2,2,77,2,6.9,3.2,22.24,4,113,5,7.6,9.62,16
RICE,NSF.PROJECT.OBS,Oryza sativa,GSOR301196,GSOR301196,Rinaldo Bersani,Italy,NSFTV205,PI167928,1882816,6,0,1,4.5,2,2,78,4,7,3,30.11,4,115,3,9.7,9.48,16
RICE,NSF.PROJECT.OBS,Oryza sativa,GSOR301197,GSOR301197,Rojofotsy 738,Madagascar,NSFTV206,PI596811,1882817,6.6,13,0,6,4,5,101,3,6.4,2.7,30.19,9,188,5,8,8.71,27
RICE,NSF.PROJECT.OBS,Oryza sativa,GSOR301198,GSOR301198,Sigadis,Indonesia,NSFTV207,PI400322,1882818,6.3,23,0,2.3,2,6,119,2,6.4,2.5,24.27,5,127,3,8.6,8.45,22.34
RICE,NSF.PROJECT.OBS,Oryza sativa,GSOR301199,GSOR301199,SLO 17,India,NSFTV208,PI414682,1882819,7,23,0,4,2,6,113,2,6,2.4,32.72,7,141,5,8.7,8,23
RICE,NSF.PROJECT.OBS,Oryza sativa,GSOR301200,GSOR301200,Tchibanga,Gabon,NSFTV209,PI373203,1882820,5.6,19,0,8.5,2,3,85,2,5.5,2.7,22.43,1,89,5,7.4,7.45,25
RICE,NSF.PROJECT.OBS,Oryza sativa,GSOR301201,GSOR301201,Thavalu,Sri Lanka,NSFTV210,PI439024,1882821,7,14,5,8.5,5,6,111,5,5.9,2.5,21.77,7,144,5,8.6,8.16,24
RICE,NSF.PROJECT.OBS,Oryza sativa,GSOR301202,GSOR301202,Tokyo Shino Mochi,Japan,NSFTV211,PI157372,1882822,7,12,1,6,2,2,70,3,6.1,3,23.23,3,101,3,9,8.92,0
RICE,NSF.PROJECT.OBS,Oryza sativa,GSOR301204,GSOR301204,WC 3397,Jamaica,NSFTV213,PI220486,1882823,2,18,0,7.5,2,3,83,2,6.8,2.7,30.73,5,120,3,8.5,9.41,13
RICE,NSF.PROJECT.OBS,Oryza sativa,GSOR301205,GSOR301205,WC 4419,Honduras,NSFTV214,PI303646,1882824,6,19,0,7,2,4,99,2,7.1,2.2,28.02,5,123,5,10.7,9.4,22
RICE,NSF.PROJECT.OBS,Oryza sativa,GSOR301206,GSOR301206,WC 4443,Bolivia,NSFTV215,PI291608,1882825,5.8,17,0,5,2,5,104,2,6.6,3,22.01,4,112,1,8.4,8.91,21.58
RICE,NSF.PROJECT.OBS,Oryza sativa,GSOR301207,GSOR301207,Yabani Montakhab 7,Egypt,NSFTV216,PI226308,1882826,7,20,0,7.5,2,5,109,2,5.1,2.9,24.35,3,103,3,9,7.01,18
RICE,NSF.PROJECT.OBS,Oryza sativa,GSOR301208,GSOR301208,YRL-1,Australia,NSFTV217,PI376718,1882827,6.4,18,0,1.5,2,3,80,2,7,2.1,32.58,5,121,3,9.1,9.37,14
RICE,NSF.PROJECT.OBS,Oryza sativa,GSOR301209,GSOR301209,PI 298967-1,Australia,NSFTV218,CIor12498,1882828,3.1,17,0,8,2,3,86,2,7.1,2.2,27.94,4,114,5,11,9.47,13
RICE,NSF.PROJECT.OBS,Oryza sativa,GSOR301210,GSOR301210,Nucleoryza,Austria,NSFTV219,PI435977,1882829,6.3,14,0,5,2,0,56,2,6.6,2.9,32.3,1,88,5,8.8,9.02,17
RICE,NSF.PROJECT.OBS,Oryza sativa,GSOR301211,GSOR301211,Azerbaidjanica,Azerbaijan,NSFTV220,PI439621,1882830,7,13,9,1,3,4,63,5,5.8,3,36.95,2,95,3,8.8,8.01,18
RICE,NSF.PROJECT.OBS,Oryza sativa,GSOR301212,GSOR301212,Sadri Belyi,Azerbaijan,NSFTV221,PI266123,1882831,5.7,25,0,7,2,2,73,3,6,2.4,29.89,4,117,5,8.3,8.33,16
RICE,NSF.PROJECT.OBS,Oryza sativa,GSOR301213,GSOR301213,Paraiba Chines Nova,Brazil,NSFTV222,PI388554,1882832,5.5,27,0,6,2,3,80,3,5.8,2.5,23.95,7,143,7,8.5,8.06,20
RICE,NSF.PROJECT.OBS,Oryza sativa,GSOR301214,GSOR301214,Priano Guaira,,NSFTV223,,1882833,4.8,18,1,8,1,3,86,3,7.3,2.6,33.95,5,121,5,8.8,,
RICE,NSF.PROJECT.OBS,Oryza sativa,GSOR301215,GSOR301215,Karabaschak,Bulgaria,NSFTV224,PI439674,1882834,6.4,24,9,1,5,4,90,3,5.8,3,21.26,4,111,3,9.7,8.12,17
RICE,NSF.PROJECT.OBS,Oryza sativa,GSOR301216,GSOR301216,Biser 1,Bulgaria,NSFTV225,PI350295,1882835,6.1,14,0,5.5,1,2,77,2,5.7,3.3,24.18,3,103,3,7.9,7.94,14
RICE,NSF.PROJECT.OBS,Oryza sativa,GSOR301217,GSOR301217,IRAT 44,,NSFTV226,,1882836,3.1,14,0,6,2,2,79,2,6.9,3,20.74,3,100,3,7.9,,
RICE,NSF.PROJECT.OBS,Oryza sativa,GSOR301218,GSOR301218,Riz Local,Burkina Faso,NSFTV227,PI449351,1882837,5.3,22,0,3.5,5,2,107,2,6,2.9,21.72,7,146,5,8.6,8.34,25
RICE,NSF.PROJECT.OBS,Oryza sativa,GSOR301219,GSOR301219,CA 902/B/2/1,Chad,NSFTV228,PI406034,1882838,5.7,23,0,2.5,4,2,78,7,6,2.6,22.54,4,110,9,8.1,8.36,26
RICE,NSF.PROJECT.OBS,Oryza sativa,GSOR301220,GSOR301220,Niquen,,NSFTV229,,1882839,6.7,1,0,7,3,0,57,2,6.8,3,21.08,1,89,5,8.3,,
RICE,NSF.PROJECT.OBS,Oryza sativa,GSOR301221,GSOR301221,Hunan Early Dwarf No. 3,China,NSFTV231,PI494757,1882840,6.5,11,0,6.5,2,1,66,2,5.6,2.6,29.18,0,75,9,9.6,7.76,23
RICE,NSF.PROJECT.OBS,Oryza sativa,GSOR301222,GSOR301222,Shangyu 394,China,NSFTV232,PI615210,1882841,6.7,19,1,2,2,1,67,2,4.9,3,25.1,0,71,3,8.7,7.02,13
RICE,NSF.PROJECT.OBS,Oryza sativa,GSOR301223,GSOR301223,Sung Liao 2,China,NSFTV233,PI401452,1882842,7,14,5,1.5,2,2,70,4,5.1,2.8,31.92,1,82,3,8.9,7.28,13
RICE,NSF.PROJECT.OBS,Oryza sativa,GSOR301224,GSOR301224,Aijiaonante,China,NSFTV234,PI614994,1882843,5,13,0,1,2,2,75,2,5.8,2.6,31.51,1,84,7,8,8.01,22
RICE,NSF.PROJECT.OBS,Oryza sativa,GSOR301225,GSOR301225,Sze Guen Zim,China,NSFTV235,CIor7375,1882844,5.6,25,0,1,2,3,83,2,5.8,2.6,21.08,7,140,5,8.1,7.93,23
RICE,NSF.PROJECT.OBS,Oryza sativa,GSOR301226,GSOR301226,WC 521,China,NSFTV236,PI160871,1882845,6.5,20,1,4.5,1,3,82,3,5,2.7,26.36,4,117,3,8.2,7.32,1
RICE,NSF.PROJECT.OBS,Oryza sativa,GSOR301227,GSOR301227,Estrela,Colombia,NSFTV237,PI560276,1882846,2,20,5,9,3,2,76,2,7.7,2.3,30.44,2,95,3,7.9,11.23,12
RICE,NSF.PROJECT.OBS,Oryza sativa,GSOR301228,GSOR301228,WAB 56-104,Cote D'Ivoire,NSFTV238,PI602635,1882847,5.9,22,0,2,2,2,78,4,7.1,2.3,22,1,82,3,8.5,9.5,20
RICE,NSF.PROJECT.OBS,Oryza sativa,GSOR301229,GSOR301229,WAB 502-13-4-1,Cote D'Ivoire,NSFTV239,PI602661,1882848,3.2,20,0,8,2,2,79,2,6.5,2.9,28,3,107,3,9.4,9,14
RICE,NSF.PROJECT.OBS,Oryza sativa,GSOR301230,GSOR301230,WAB 501-11-5-1,Cote D'Ivoire,NSFTV240,PI602662,1882849,3.7,24,0,5.5,2,2,77,2,6.6,3,21.83,3,104,3,9.3,9.2,13
RICE,NSF.PROJECT.OBS,Oryza sativa,GSOR301231,GSOR301231,ECIA76-S89-1,Cuba,NSFTV241,PI602654,1882850,7,16,0,8.5,2,4,92,2,5.7,2.3,24.25,2,99,3,9.8,7.83,25
RICE,NSF.PROJECT.OBS,Oryza sativa,GSOR301232,GSOR301232,27,Dominican Republic,NSFTV242,PI171971,1882851,5.4,15,0,7.5,2,3,82,2,6.5,2.7,28.85,4,115,3,9.1,8.78,19
RICE,NSF.PROJECT.OBS,Oryza sativa,GSOR301233,GSOR301233,Tropical Rice,Ecuador,NSFTV243,PI596808,1882852,5.1,17,0,7,2,1,62,4,7.3,2.6,30.33,1,86,5,9.2,9.92,20
RICE,NSF.PROJECT.OBS,Oryza sativa,GSOR301234,GSOR301234,Arabi,Egypt,NSFTV244,PI439121,1882853,6.3,16,0,9,2,5,106,2,7.1,2.3,28.16,3,101,5,7.8,9.58,22
RICE,NSF.PROJECT.OBS,Oryza sativa,GSOR301235,GSOR301235,Sab Ini,Egypt,NSFTV245,PI226307,1882854,6.4,20,9,6,2,2,79,2,5.9,3.1,18.91,4,116,5,8.9,8.17,19
RICE,NSF.PROJECT.OBS,Oryza sativa,GSOR301236,GSOR301236,Saraya,,NSFTV246,,1882855,5.4,25,0,3,2,4,95,2,5.8,2.6,24.67,5,125,5,8.2,,
RICE,NSF.PROJECT.OBS,Oryza sativa,GSOR301237,GSOR301237,Desvauxii,Former Soviet Union,NSFTV247,PI231643,1882856,6.5,18,5,6,2,2,75,2,5.6,3,20.75,2,97,5,8.3,7.95,15
RICE,NSF.PROJECT.OBS,Oryza sativa,GSOR301238,GSOR301238,Caucasica,Former Soviet Union,NSFTV248,PI231642,1882857,6.8,26,0,1,2,2,78,2,6.3,3,22.48,5,120,5,8,8.57,15
RICE,NSF.PROJECT.OBS,Oryza sativa,GSOR301239,GSOR301239,Pirinae 69,Former Yugoslavia,NSFTV249,PI439711,1882858,6.1,26,1,2,2,2,74,4,5.9,3.2,20.35,3,103,3,0,8.3,16
RICE,NSF.PROJECT.OBS,Oryza sativa,GSOR301240,GSOR301240,Bulgare,France,NSFTV250,PI231176,1882859,6.9,18,9,7.5,3,0,58,4,5.3,3.2,26.13,2,95,5,8.8,7.52,16
RICE,NSF.PROJECT.OBS,Oryza sativa,GSOR301241,GSOR301241,H256-76-1-1-1,Argentina,NSFTV251,PI596914,1882860,5.2,18,0,7,2,3,88,2,7,2,29.46,2,90,3,9.6,8.99,20
RICE,NSF.PROJECT.OBS,Oryza sativa,GSOR301242,GSOR301242,Djimoron,Guinea,NSFTV252,PI393180,1882861,5.8,22,0,8,2,2,76,2,7.2,2.3,30.16,6,136,9,8.8,10.34,26
RICE,NSF.PROJECT.OBS,Oryza sativa,GSOR301243,GSOR301243,Guineandao,,NSFTV253,,1882862,3.9,27,0,7,2,3,83,3,5.8,2.4,30.32,4,111,3,8.8,,
RICE,NSF.PROJECT.OBS,Oryza sativa,GSOR301244,GSOR301244,Hon Chim,Hong Kong,NSFTV254,PI403471,1882863,5.3,22,0,1.8,2,2,78,2,6.3,2.6,24.48,5,125,9,9.6,8.55,26
RICE,NSF.PROJECT.OBS,Oryza sativa,GSOR301245,GSOR301245,Pai Hok Glutinous,Hong Kong,NSFTV255,PI389927,1882864,6.3,26,0,6.5,5,4,96,2,5.5,2.7,19.67,5,124,7,8.4,7.69,26
RICE,NSF.PROJECT.OBS,Oryza sativa,GSOR301246,GSOR301246,Romanica,Hungary,NSFTV256,PI291526,1882865,6.5,25,0,5,2,1,63,2,6,3,24.19,3,101,5,8.7,8.17,19
RICE,NSF.PROJECT.OBS,Oryza sativa,GSOR301247,GSOR301247,Agusita,Hungary,NSFTV257,PI602605,1882866,5.5,16,0,8.5,3,1,67,2,7.2,2.6,28.94,2,91,3,8.3,9.78,18
RICE,NSF.PROJECT.OBS,Oryza sativa,GSOR301248,GSOR301248,Tia Bura,Indonesia,NSFTV258,PI373781,1882867,5.9,14,0,8,5,5,103,2,7.3,2.2,32.63,5,126,5,8.9,10.01,24
RICE,NSF.PROJECT.OBS,Oryza sativa,GSOR301249,GSOR301249,Sadri Tor Misri,Iran,NSFTV259,PI431059,1882868,5.6,16,0,8,5,5,103,2,6.5,2.8,31.72,7,148,5,9.8,9.07,28
RICE,NSF.PROJECT.OBS,Oryza sativa,GSOR301250,GSOR301250,NSF-TV 260,Unknown,NSFTV260,GSOR301250,1882869,5.4,14,0,7,2,3,89,2,6.9,2.4,23.37,9,168,5,8.4,9.34,24
RICE,NSF.PROJECT.OBS,Oryza sativa,GSOR301251,GSOR301251,Shim Balte,Iraq,NSFTV261,PI430976,1882870,4.8,14,9,5.5,3,3,80,2,5.8,2.4,26.59,3,103,7,8.7,8,25
RICE,NSF.PROJECT.OBS,Oryza sativa,GSOR301252,GSOR301252,Halwa Gose Red,Iraq,NSFTV262,PI430977,1882871,5,18,0,6.5,2,5,103,3,5.8,2.7,28.54,6,130,5,8.6,8.04,25
RICE,NSF.PROJECT.OBS,Oryza sativa,GSOR301253,GSOR301253,Maratelli,Italy,NSFTV263,PI215520,1882872,6.8,15,0,2,2,2,73,2,5.7,3.2,21.85,3,108,5,10.5,7.83,15
RICE,NSF.PROJECT.OBS,Oryza sativa,GSOR301254,GSOR301254,Baldo,Italy,NSFTV264,PI415656,1882873,6.3,13,0,7.5,2,2,78,2,7,3,32.89,3,103,3,8.9,9.5,14
RICE,NSF.PROJECT.OBS,Oryza sativa,GSOR301255,GSOR301255,Vialone,Italy,NSFTV265,PI215485,1882874,6.6,15,0,8.5,2,2,78,4,6.1,3.4,37.3,5,128,5,10.1,8.28,15
RICE,NSF.PROJECT.OBS,Oryza sativa,GSOR301256,GSOR301256,Hiderisirazu,Japan,NSFTV266,PI134053,1882875,6.5,25,1,5.5,2,2,71,2,5.2,3,34.25,4,110,3,10.1,7.54,13
RICE,NSF.PROJECT.OBS,Oryza sativa,GSOR301257,GSOR301257,Hatsunishiki,Japan,NSFTV267,PI224813,1882876,6.5,17,1,1.5,2,2,77,2,5.2,2.9,27.07,2,97,5,9.5,7.44,14
RICE,NSF.PROJECT.OBS,Oryza sativa,GSOR301258,GSOR301258,Vavilovi,Kazakhstan,NSFTV268,PI439625,1882877,5.7,20,9,3,2,1,60,4,6.4,2.8,33.74,3,106,5,8.8,9.05,18
RICE,NSF.PROJECT.OBS,Oryza sativa,GSOR301259,GSOR301259,Sundensis,Kazakhstan,NSFTV269,PI439626,1882878,2.8,16,1,5,2,5,106,3,6.9,2.2,28.32,2,93,3,8.5,9.58,16
RICE,NSF.PROJECT.OBS,Oryza sativa,GSOR301260,GSOR301260,Osogovka,Macedonia,NSFTV270,PI583842,1882879,6,25,0,4.5,2,2,74,3,7.3,2.6,25.27,3,109,3,7.8,10.78,13
RICE,NSF.PROJECT.OBS,Oryza sativa,GSOR301261,GSOR301261,M. Blatec,Macedonia,NSFTV271,PI584588,1882880,6.5,17,0,7,3,2,79,4,7.6,3.1,37.07,4,114,5,9.1,10.17,15
RICE,NSF.PROJECT.OBS,Oryza sativa,GSOR301262,GSOR301262,923,Madagascar,NSFTV272,PI402638,1882881,6.9,13,0,7,2,5,108,4,8.8,2.5,26.03,7,142,3,8.5,12.55,26
RICE,NSF.PROJECT.OBS,Oryza sativa,GSOR301263,GSOR301263,Varyla,Madagascar,NSFTV273,PI422214,1882882,2.1,19,0,4.5,2,3,82,2,6.7,2.8,24.44,6,131,3,11.2,9.22,15
RICE,NSF.PROJECT.OBS,Oryza sativa,GSOR301264,GSOR301264,Padi Pagalong,Malaysia,NSFTV274,PI373813,1882883,6.2,16,0,2.8,5,5,106,2,7.3,2.7,24.74,7,148,3,8,9.9,22
RICE,NSF.PROJECT.OBS,Oryza sativa,GSOR301265,GSOR301265,Sri Malaysia Dua,Malaysia,NSFTV275,PI390981,1882884,6.7,16,0,8.5,2,2,78,2,6.2,2.8,28.64,3,100,5,7.3,8.57,15
RICE,NSF.PROJECT.OBS,Oryza sativa,GSOR301266,GSOR301266,Kaukau,Mali,NSFTV276,PI403644,1882885,5.4,16,5,7.5,2,3,80,2,4.9,2.9,28.49,6,135,7,8.9,6.84,25
RICE,NSF.PROJECT.OBS,Oryza sativa,GSOR301267,GSOR301267,Gambiaka Sebela,Mali,NSFTV277,PI391859,1882886,6.9,15,0,8,2,3,82,2,6.1,3.2,32.78,3,101,3,9.6,8.54,17
RICE,NSF.PROJECT.OBS,Oryza sativa,GSOR301268,GSOR301268,C1-6-5-3,Mexico,NSFTV278,PI226329,1882887,6.8,25,1,1,2,3,82,2,5.5,2.7,25.03,2,93,5,7.9,7.77,15
RICE,NSF.PROJECT.OBS,Oryza sativa,GSOR301269,GSOR301269,Kon Suito,Mongolia,NSFTV279,PI154453,1882888,6.3,21,0,1.5,2,0,57,4,6.1,2.9,27.18,2,91,5,8.9,8.29,19
RICE,NSF.PROJECT.OBS,Oryza sativa,GSOR301270,GSOR301270,Saku,Mongolia,NSFTV280,PI154452,1882889,6.2,14,0,1.5,2,3,84,2,6.2,2.7,32.43,4,115,5,8.4,8.52,18
RICE,NSF.PROJECT.OBS,Oryza sativa,GSOR301271,GSOR301271,Patna,Morocco,NSFTV281,PI422208,1882890,5.5,15,0,8,2,3,85,3,7.3,2.8,28.21,4,114,3,8,9.47,16
RICE,NSF.PROJECT.OBS,Oryza sativa,GSOR301272,GSOR301272,Triomphe Du Maroc,Morocco,NSFTV282,PI330625,1882891,6.6,20,0,5.5,2,3,81,2,5.5,3.1,30.71,1,80,3,11,7.65,15
RICE,NSF.PROJECT.OBS,Oryza sativa,GSOR301273,GSOR301273,Chibica,Mozambique,NSFTV283,PI391326,1882892,2.3,18,0,6,2,2,78,2,6.1,3,30.19,2,96,5,9.9,8.31,15
RICE,NSF.PROJECT.OBS,Oryza sativa,GSOR301274,GSOR301274,IR-44595,Nepal,NSFTV284,PI596827,1882893,5.9,15,1,7.5,2,3,81,3,6.8,2.2,26.28,3,104,5,8,9.57,20
RICE,NSF.PROJECT.OBS,Oryza sativa,GSOR301275,GSOR301275,Tox 782-20-1,Nigeria,NSFTV285,PI490796,1882894,5.1,15,0,8,2,3,80,4,7.2,2.5,23.82,2,93,3,7.1,9.68,14
RICE,NSF.PROJECT.OBS,Oryza sativa,GSOR301276,GSOR301276,IITA 135,Nigeria,NSFTV286,PI458470,1882895,3.6,18,0,7.5,2,3,86,2,7,2.9,29.1,3,105,5,9.9,9.43,
RICE,NSF.PROJECT.OBS,Oryza sativa,GSOR301277,GSOR301277,Zerawchanica Karatalski,Poland,NSFTV287,PI265116,1882896,6.8,26,0,6,2,0,55,4,5.6,3.1,33.23,2,91,5,7.8,8.11,15
RICE,NSF.PROJECT.OBS,Oryza sativa,GSOR301278,GSOR301278,Italica Carolina,Poland,NSFTV288,PI265110,1882897,7,17,0,1.5,2,0,58,4,6.5,2.8,21.32,1,89,3,6.5,8.89,20
RICE,NSF.PROJECT.OBS,Oryza sativa,GSOR301279,GSOR301279,Lusitano,Portugal,NSFTV289,PI291539,1882898,6.8,13,0,6.5,2,1,63,2,6.3,2.9,32.42,2,98,3,9.3,8.75,18
RICE,NSF.PROJECT.OBS,Oryza sativa,GSOR301280,GSOR301280,Amposta,Puerto Rico,NSFTV290,PI415667,1882899,6.8,15,0,7,2,2,75,2,5,3,33.43,2,91,5,8.9,7.16,14
RICE,NSF.PROJECT.OBS,Oryza sativa,GSOR301281,GSOR301281,Toploea 70/76,Romania,NSFTV291,PI596947,1882900,6.8,17,0,8,2,1,67,2,4.9,2.8,31.76,0,68,3,9.3,7.02,14
RICE,NSF.PROJECT.OBS,Oryza sativa,GSOR301282,GSOR301282,Stegaru 65,Romania,NSFTV292,PI446914,1882901,6.8,26,0,1,2,1,68,2,6.3,2.9,19.31,3,108,5,7.2,8.76,17
RICE,NSF.PROJECT.OBS,Oryza sativa,GSOR301283,GSOR301283,TOg 7178,Senegal,NSFTV293,PI450438,1882902,5.5,24,0,2.8,5,5,105,2,6,2.9,25.47,6,139,7,7.6,8.32,25
RICE,NSF.PROJECT.OBS,Oryza sativa,GSOR301284,GSOR301284,SL 22-613,Sierra Leone,NSFTV294,PI433797,1882903,7,19,1,3,2,3,86,2,6.1,2.2,30.42,3,107,7,8,8.38,16
RICE,NSF.PROJECT.OBS,Oryza sativa,GSOR301285,GSOR301285,Bombilla,,NSFTV295,,1882904,6.5,15,1,8.5,2,2,79,2,5.6,3.2,21.65,3,100,5,11.3,,
RICE,NSF.PROJECT.OBS,Oryza sativa,GSOR301286,GSOR301286,Dosel,Spain,NSFTV296,PI340888,1882905,6.9,16,0,8.5,2,3,80,2,6,3.1,20.46,2,97,3,9.6,8.32,16
RICE,NSF.PROJECT.OBS,Oryza sativa,GSOR301287,GSOR301287,Bahia,Spain,NSFTV297,PI392247,1882906,6.9,16,0,7.5,2,3,83,2,6.1,3.2,31.88,3,100,3,8.4,8.42,16
RICE,NSF.PROJECT.OBS,Oryza sativa,GSOR301288,GSOR301288,LD 24,Sri Lanka,NSFTV298,PI373116,1882907,5.8,26,0,3.5,6,5,105,2,5.5,2.4,21.45,6,130,7,7.6,7.5,26
RICE,NSF.PROJECT.OBS,Oryza sativa,GSOR301289,GSOR301289,SML 242,Suriname,NSFTV299,PI276154,1882908,5.1,14,0,8.5,2,2,70,2,5.9,2.7,33.9,6,130,7,9.3,8.08,23
RICE,NSF.PROJECT.OBS,Oryza sativa,GSOR301290,GSOR301290,Sml Kapuri,Suriname,NSFTV300,PI400096,1882909,7,17,0,7,2,2,76,2,5.8,2.8,24.25,3,100,5,11.1,8.1,19
RICE,NSF.PROJECT.OBS,Oryza sativa,GSOR301291,GSOR301291,Melanotrix,Tajikistan,NSFTV301,PI439630,1882910,4.7,15,9,8,2,2,77,5,5.5,2.8,27.48,3,108,3,8.4,7.31,15
RICE,NSF.PROJECT.OBS,Oryza sativa,GSOR301292,GSOR301292,WIR 3039,Tajikistan,NSFTV302,PI584624,1882911,5.2,20,0,5,2,2,79,2,5.3,2.8,20.62,3,102,5,9.3,7.1,14
RICE,NSF.PROJECT.OBS,Oryza sativa,GSOR301293,GSOR301293,Kihogo,Tanzania,NSFTV303,PI391861,1882912,6.6,18,0,2,2,3,82,2,6.1,3.2,32.94,2,98,3,8.2,8.37,16
RICE,NSF.PROJECT.OBS,Oryza sativa,GSOR301294,GSOR301294,519,Uruguay,NSFTV304,PI400276,1882913,6.4,10,0,1,5,5,101,2,5.7,2.7,25.97,5,127,5,10.5,7.84,25
RICE,NSF.PROJECT.OBS,Oryza sativa,GSOR301295,GSOR301295,Doble Carolina Rinaldo Barsani,,NSFTV305,,1882914,5.7,15,1,6,2,2,76,2,7.3,2.9,23.57,5,123,5,7.6,,
RICE,NSF.PROJECT.OBS,Oryza sativa,GSOR301296,GSOR301296,WIR 3764,Uzbekistan,NSFTV306,PI584634,1882915,6.9,25,0,3,2,1,60,4,5.4,3.1,23.17,2,97,3,8.2,7.34,19
RICE,NSF.PROJECT.OBS,Oryza sativa,GSOR301297,GSOR301297,Uzbekskij 2,Uzbekistan,NSFTV307,PI439730,1882916,7,24,9,1.5,2,2,78,2,5.6,3.3,22.74,3,102,5,7.9,7.77,15
RICE,NSF.PROJECT.OBS,Oryza sativa,GSOR301298,GSOR301298,Llanero 501,Venezuela,NSFTV308,PI420143,1882917,4.4,25,0,3,2,4,91,2,6.7,2.1,20.5,3,105,3,7.8,8.68,
RICE,NSF.PROJECT.OBS,Oryza sativa,GSOR301299,GSOR301299,Manzano,Zaire,NSFTV309,PI430394,1882918,4.9,25,0,2.5,4,5,103,2,6.9,2.7,27.42,6,132,3,7.5,9.25,20
RICE,NSF.PROJECT.OBS,Oryza sativa,GSOR301300,GSOR301300,R 101,Zaire,NSFTV310,PI430441,1882919,3.4,23,0,3.5,2,3,84,2,7.6,2.3,20.54,4,115,3,8.2,10.22,11
RICE,NSF.PROJECT.OBS,Oryza sativa,GSOR301301,GSOR301301,56-122-23,Thailand,NSFTV311,PI392804,1882920,6.9,25,0,1.5,2,3,81,2,5.2,2.9,30.82,2,95,5,8.5,7.35,15
RICE,NSF.PROJECT.OBS,Oryza sativa,GSOR301302,GSOR301302,Aswina 330,Bangladesh,NSFTV312,PI392677,1882921,6.5,25,0,5.5,5,5,100,5,6.2,2.5,21.34,5,122,5,7.5,8.34,24
RICE,NSF.PROJECT.OBS,Oryza sativa,GSOR301303,GSOR301303,BR24,Bangladesh,NSFTV313,PI574680,1882922,5.2,23,0,3.5,2,3,87,3,6.7,2.1,22.34,5,123,5,7.4,9.05,23
RICE,NSF.PROJECT.OBS,Oryza sativa,GSOR301304,GSOR301304,CTG 1516,Bangladesh,NSFTV314,PI406041,1882923,5.8,25,0,4,3,3,81,4,6,2.4,22.31,6,131,7,8.2,8.39,24
RICE,NSF.PROJECT.OBS,Oryza sativa,GSOR301305,GSOR301305,Dawebyan,Myanmar,NSFTV315,PI373800,1882924,6,26,0,4.5,5,4,98,2,6.7,2.6,20.46,8,152,5,8.4,9.07,24
RICE,NSF.PROJECT.OBS,Oryza sativa,GSOR301306,GSOR301306,DD 62,Bangladesh,NSFTV316,PI403011,1882925,7.4,26,5,2.5,2,3,83,2,5.1,2.6,20.1,6,136,7,7.5,7.02,22
RICE,NSF.PROJECT.OBS,Oryza sativa,GSOR301307,GSOR301307,DJ 123,Bangladesh,NSFTV317,PI403121,1882926,4.8,25,1,4.5,5,4,91,5,6.1,3,22.31,6,136,5,7.4,8.58,
RICE,NSF.PROJECT.OBS,Oryza sativa,GSOR301308,GSOR301308,DJ 24,Bangladesh,NSFTV318,PI403082,1882927,5,26,0,3,4,4,96,2,5.3,2.7,17.12,7,146,5,8.6,7.29,25
RICE,NSF.PROJECT.OBS,Oryza sativa,GSOR301309,GSOR301309,DK 12,,NSFTV319,,1882928,5.5,23,0,1,5,5,101,5,5.7,2.7,19.65,5,127,7,8.1,,
RICE,NSF.PROJECT.OBS,Oryza sativa,GSOR301310,GSOR301310,DM 43,Bangladesh,NSFTV320,PI403151,1882929,6,25,1,5,5,4,97,5,5.8,2.5,15.27,5,127,7,7.9,7.87,24
RICE,NSF.PROJECT.OBS,Oryza sativa,GSOR301311,GSOR301311,DM 56,Bangladesh,NSFTV321,PI403161,1882930,5.3,24,0,7,3,3,82,4,5.3,2.4,19.72,6,132,5,7.9,7.33,25
RICE,NSF.PROJECT.OBS,Oryza sativa,GSOR301312,GSOR301312,DM 59,Bangladesh,NSFTV322,PI443001,1882931,5.6,25,0,4.5,3,4,99,4,6.1,2.4,15.86,5,125,7,8.9,8.45,26
RICE,NSF.PROJECT.OBS,Oryza sativa,GSOR301313,GSOR301313,DNJ 140,Bangladesh,NSFTV323,PI403224,1882932,4.8,25,0,5.5,3,5,103,2,5.7,2.5,20.83,7,142,5,8.5,7.83,24
RICE,NSF.PROJECT.OBS,Oryza sativa,GSOR301314,GSOR301314,DV 123,Bangladesh,NSFTV324,PI403306,1882933,6.1,25,0,2.5,3,3,84,4,5.3,2.4,24.85,6,134,7,8.3,7.29,25
RICE,NSF.PROJECT.OBS,Oryza sativa,GSOR301315,GSOR301315,EMATA A 16-34,Myanmar,NSFTV325,PI393036,1882934,5.1,25,0,6.5,2,2,79,2,5.9,2.3,29.98,8,154,7,9.2,8.05,22
RICE,NSF.PROJECT.OBS,Oryza sativa,GSOR301316,GSOR301316,Ghorbhai,Bangladesh,NSFTV326,PI575212,1882935,4.8,25,0,5.5,2,3,84,2,5.6,2.4,21.1,5,125,7,7.9,7.66,24
RICE,NSF.PROJECT.OBS,Oryza sativa,GSOR301317,GSOR301317,Goria,Bangladesh,NSFTV327,PI574796,1882936,5.8,14,0,6,5,4,90,8,5.8,2.5,20.71,4,118,9,7.2,8.01,24
RICE,NSF.PROJECT.OBS,Oryza sativa,GSOR301318,GSOR301318,Jamir,Bangladesh,NSFTV328,PI575182,1882937,6.1,17,5,8,5,4,94,5,5.5,2.3,34.93,6,130,9,8.7,7.46,24
RICE,NSF.PROJECT.OBS,Oryza sativa,GSOR301319,GSOR301319,Kachilon,Bangladesh,NSFTV329,PI574756,1882938,6.1,10,0,6,4,4,96,3,5.7,2.5,25.02,6,132,7,8.8,7.69,24
RICE,NSF.PROJECT.OBS,Oryza sativa,GSOR301320,GSOR301320,Khao Pahk Maw,Thailand,NSFTV330,PI392266,1882939,6.1,24,0,3.5,5,5,100,5,6.7,2.6,27.34,6,137,9,8,9.08,25
RICE,NSF.PROJECT.OBS,Oryza sativa,GSOR301321,GSOR301321,Khao Tot Long 227,Thailand,NSFTV331,PI392794,1882940,5.6,24,1,5.5,5,4,96,5,6.1,3.1,23.62,4,114,7,6.9,8.55,24
RICE,NSF.PROJECT.OBS,Oryza sativa,GSOR301322,GSOR301322,KPF-16,Bangladesh,NSFTV332,PI431144,1882941,6,16,0,7,5,5,101,5,5.4,2.6,27.73,6,134,7,8.2,7.48,25
RICE,NSF.PROJECT.OBS,Oryza sativa,GSOR301323,GSOR301323,Leuang Hawn,Thailand,NSFTV333,PI402636,1882942,6.8,24,0,2.5,2,4,63,2,5,2.8,26.9,1,82,5,8,7.05,14
RICE,NSF.PROJECT.OBS,Oryza sativa,GSOR301324,GSOR301324,Lomello,Thailand,NSFTV334,PI233663,1882943,5.6,23,0,5,2,2,77,2,6.7,3.1,19.56,4,112,5,9,9.12,18
RICE,NSF.PROJECT.OBS,Oryza sativa,GSOR301325,GSOR301325,Okshitmayin,Myanmar,NSFTV335,PI391272,1882944,3.5,26,0,4,2,3,82,2,6,2.7,22.77,1,87,3,7.4,8.49,9
RICE,NSF.PROJECT.OBS,Oryza sativa,GSOR301326,GSOR301326,Paung Malaung,Myanmar,NSFTV336,PI392612,1882945,5.8,16,0,3.5,5,4,98,2,5.8,2.8,20.47,5,129,5,8.1,8.21,24
RICE,NSF.PROJECT.OBS,Oryza sativa,GSOR301327,GSOR301327,Sabharaj,Bangladesh,NSFTV337,PI391943,1882946,5.8,14,0,6.5,1,3,81,3,5.7,2.7,29.03,5,128,9,8.6,7.92,22
RICE,NSF.PROJECT.OBS,Oryza sativa,GSOR301328,GSOR301328,Sitpwa,Myanmar,NSFTV338,PI392718,1882947,6.7,20,0,4,2,3,80,2,5.3,3.1,24.33,4,112,3,8.1,7.52,17
RICE,NSF.PROJECT.OBS,Oryza sativa,GSOR301329,GSOR301329,Yodanya,Myanmar,NSFTV339,PI222453,1882948,5.8,24,0,3.5,2,3,86,2,5.9,2.7,29.79,7,147,7,8.9,8.35,22
RICE,NSF.PROJECT.OBS,Oryza sativa,GSOR301330,GSOR301330,Berenj,Afghanistan,NSFTV340,PI223894,1882949,6.1,27,0,3,2,3,88,2,6.6,2,23.81,6,136,7,8.8,8.77,23
RICE,NSF.PROJECT.OBS,Oryza sativa,GSOR301331,GSOR301331,Shirkati,Afghanistan,NSFTV341,PI373905,1882950,6.3,22,0,6.5,3,3,87,2,6.4,2.3,29.16,6,132,5,8.6,9.1,25
RICE,NSF.PROJECT.OBS,Oryza sativa,GSOR301332,GSOR301332,Cenit,Argentina,NSFTV342,PI238490,1882951,6.8,24,0,1.8,2,4,90,2,5.9,2.5,24.35,4,118,3,7.9,8.11,16
RICE,NSF.PROJECT.OBS,Oryza sativa,GSOR301333,GSOR301333,Victoria F.A.,Argentina,NSFTV343,PI164912,1882952,5.5,24,0,2,2,2,76,2,6.6,2.7,21.28,4,119,5,7.6,9.06,15
RICE,NSF.PROJECT.OBS,Oryza sativa,GSOR301334,GSOR301334,Habiganj Boro 6,Bangladesh,NSFTV344,PI391255,1882953,4.9,17,0,2.5,2,3,80,2,5,3,28.17,6,130,5,10.8,7.09,20
RICE,NSF.PROJECT.OBS,Oryza sativa,GSOR301335,GSOR301335,DZ 193,Bangladesh,NSFTV345,PI403367,1882954,5,25,1,5.5,5,4,92,5,5.9,3,17.02,6,132,5,9,8.38,23
RICE,NSF.PROJECT.OBS,Oryza sativa,GSOR301336,GSOR301336,Karkati 87,Bangladesh,NSFTV346,PI392683,1882955,5.5,24,0,1.5,3,3,85,2,6.5,2.3,20.9,5,129,5,8.8,9.19,26
RICE,NSF.PROJECT.OBS,Oryza sativa,GSOR301337,GSOR301337,Creole,Belize,NSFTV347,PI220214,1882956,5.9,15,0,7.5,2,4,93,2,6.9,2.7,27.05,7,140,3,8.7,9.34,22
RICE,NSF.PROJECT.OBS,Oryza sativa,GSOR301338,GSOR301338,China 1039,China,NSFTV348,PI434611,1882957,4.8,24,0,2.5,2,2,73,2,5.8,2.6,24.25,5,124,7,8,8.03,23
RICE,NSF.PROJECT.OBS,Oryza sativa,GSOR301339,GSOR301339,Chang Ch'Sang Hsu Tao,China,NSFTV349,PI161051,1882958,7,23,0,2.5,2,4,94,2,5,2.7,22.29,5,124,9,8.7,6.9,23
RICE,NSF.PROJECT.OBS,Oryza sativa,GSOR301340,GSOR301340,Ligerito,Colombia,NSFTV350,PI433787,1882959,4.9,21,0,7.5,2,1,64,3,6.3,2.8,23.18,3,108,3,9.5,8.77,17
RICE,NSF.PROJECT.OBS,Oryza sativa,GSOR301341,GSOR301341,ARC 10376,India,NSFTV353,PI430353,1882960,6.5,25,0,4.5,4,3,88,2,4.3,2.6,22.31,5,128,7,7.8,6.07,24
RICE,NSF.PROJECT.OBS,Oryza sativa,GSOR301342,GSOR301342,BALA,India,NSFTV354,PI373053,1882961,6.3,15,0,6,3,4,96,2,5.2,2.7,23.79,3,103,3,8.9,7.21,23
RICE,NSF.PROJECT.OBS,Oryza sativa,GSOR301343,GSOR301343,ASD 1,India,NSFTV355,PI392617,1882962,6.4,12,0,5.5,2,2,76,2,5.5,3,26.7,5,126,3,9,7.7,14
RICE,NSF.PROJECT.OBS,Oryza sativa,GSOR301344,GSOR301344,JC 117,India,NSFTV356,PI403582,1882963,5.5,13,0,6.5,2,3,87,2,5.7,2.5,25.27,8,152,7,8.8,7.95,23
RICE,NSF.PROJECT.OBS,Oryza sativa,GSOR301345,GSOR301345,9524,India,NSFTV357,PI165981,1882964,5.8,16,0,5.5,5,5,100,2,5.5,2.6,23.44,7,149,5,8.8,7.63,23
RICE,NSF.PROJECT.OBS,Oryza sativa,GSOR301346,GSOR301346,ARC 10086,,NSFTV358,,1882965,5.8,0,0,7.5,2,4,94,2,5.5,2.9,29.97,5,127,5,9.9,,
RICE,NSF.PROJECT.OBS,Oryza sativa,GSOR301347,GSOR301347,Surjamkuhi,India,NSFTV359,PI406095,1882966,4.9,14,0,8,4,3,82,4,5.9,2.2,22.04,6,131,7,8.8,8.22,25
RICE,NSF.PROJECT.OBS,Oryza sativa,GSOR301348,GSOR301348,PTB 30,India,NSFTV360,PI392621,1882967,5.9,25,0,3.5,5,4,98,2,6.7,2.3,22.77,5,124,7,9,8.87,24
RICE,NSF.PROJECT.OBS,Oryza sativa,GSOR301350,GSOR301350,Edomen Scented,Japan,NSFTV363,PI184503,1882968,6.9,26,5,,2,3,88,2,4.8,3,19.96,2,98,5,8.2,6.61,
RICE,NSF.PROJECT.OBS,Oryza sativa,GSOR301351,GSOR301351,Rikuto Norin 21,Japan,NSFTV364,PI226190,1882969,6.3,24,9,5,2,2,79,2,5.3,3.1,19.75,2,93,3,8.1,7.65,13
RICE,NSF.PROJECT.OBS,Oryza sativa,GSOR301352,GSOR301352,Shirogane,Japan,NSFTV365,PI224912,1882970,6.3,25,0,3.5,2,2,73,2,5.7,2.7,17.3,1,89,5,8.3,7.87,14
RICE,NSF.PROJECT.OBS,Oryza sativa,GSOR301353,GSOR301353,Kiuki No. 46,Japan,NSFTV366,PI162099,1882971,6.8,21,0,4,2,5,101,2,5.1,2.8,25.58,1,88,3,10,7.1,16
RICE,NSF.PROJECT.OBS,Oryza sativa,GSOR301354,GSOR301354,Sanbyang-Daeme,Korea,NSFTV367,PI157346,1882972,6.9,21,0,8,1,2,76,2,6,3,36.93,4,119,5,9.8,8.5,0
RICE,NSF.PROJECT.OBS,Oryza sativa,GSOR301355,GSOR301355,Deokjeokjodo,Korea,NSFTV368,PI596809,1882973,7,21,0,3.5,2,2,79,5,4.6,3,27.54,3,107,3,8.8,6.43,13
RICE,NSF.PROJECT.OBS,Oryza sativa,GSOR301356,GSOR301356,Sathi,Pakistan,NSFTV369,PI392177,1882974,5.1,24,1,6,4,2,76,4,6.6,2.3,21.46,5,120,7,8.5,9.05,24
RICE,NSF.PROJECT.OBS,Oryza sativa,GSOR301357,GSOR301357,Coarse,Pakistan,NSFTV370,PI385584,1882975,4.8,24,0,5,3,3,84,2,5.6,2.4,27.33,6,131,7,8.7,7.94,25
RICE,NSF.PROJECT.OBS,Oryza sativa,GSOR301358,GSOR301358,Santhi Sufaid,Pakistan,NSFTV371,PI385650,1882976,5.8,18,0,6.5,2,3,83,2,6.3,2.3,23.54,6,134,7,8.2,8.42,24
RICE,NSF.PROJECT.OBS,Oryza sativa,GSOR301359,GSOR301359,Sufaid,Pakistan,NSFTV372,PI385819,1882977,5.3,22,1,6,2,3,86,4,5.8,2.2,27.81,7,140,7,8.8,8.16,24
RICE,NSF.PROJECT.OBS,Oryza sativa,GSOR301360,GSOR301360,Lambayeque 1,Peru,NSFTV373,PI597343,1882978,6,23,0,3,3,3,89,2,7.8,2,29.79,9,167,5,9.3,10.39,22
RICE,NSF.PROJECT.OBS,Oryza sativa,GSOR301361,GSOR301361,Breviaristata,Portugal,NSFTV376,PI189450,1882979,5.3,16,0,4,2,3,80,3,7.6,2.9,23.18,4,119,3,7.7,10.24,20
RICE,NSF.PROJECT.OBS,Oryza sativa,GSOR301362,GSOR301362,PR 304,Puerto Rico,NSFTV377,CIor9042,1882980,5.7,10,0,7.5,2,3,89,2,6.6,2.7,28.88,5,120,3,8.4,8.88,22
RICE,NSF.PROJECT.OBS,Oryza sativa,GSOR301363,GSOR301363,Kalubala Vee,Sri Lanka,NSFTV378,PI420976,1882981,7,16,0,5.5,5,5,107,7,5.9,2.5,22.95,5,123,7,8.5,7.91,22
RICE,NSF.PROJECT.OBS,Oryza sativa,GSOR301364,GSOR301364,Wanica,Suriname,NSFTV379,CIor1496,1882982,6,16,0,8.5,2,4,92,3,6.7,2.6,23.48,6,131,3,10.9,8.92,23
RICE,NSF.PROJECT.OBS,Oryza sativa,GSOR301365,GSOR301365,Tainan-Iku No. 512,Taiwan,NSFTV380,PI215954,1882983,7,23,0,4.5,2,4,93,2,4.9,2.9,23.11,3,100,3,9.3,6.96,18
RICE,NSF.PROJECT.OBS,Oryza sativa,GSOR301366,GSOR301366,325,Taiwan,NSFTV381,PI245711,1882984,6,20,9,6.5,2,4,91,2,5.5,2.9,29.11,6,133,3,9,7.69,22
RICE,NSF.PROJECT.OBS,Oryza sativa,GSOR301367,GSOR301367,318,TURKEY,NSFTV384,PI167121,1882985,5,13,0,3,2,4,90,4,6.5,2.6,32.77,5,128,3,9.7,8.7,22
RICE,NSF.PROJECT.OBS,Oryza sativa,GSOR301368,GSOR301368,Nira,United States,NSFTV385,PI392623,1882986,6,26,0,1.5,2,3,84,2,6.2,2.4,30.14,5,129,7,8.5,8.45,22
RICE,NSF.PROJECT.OBS,Oryza sativa,GSOR301369,GSOR301369,Palmyra,United States,NSFTV386,CIor9463,1882987,6.9,15,0,4.5,2,3,83,2,6.1,2.5,33.48,4,113,3,7.9,8.13,16
RICE,NSF.PROJECT.OBS,Oryza sativa,GSOR301370,GSOR301370,M-202,United States,NSFTV387,PI494105,1882988,6.8,21,0,1,2,2,78,2,5.9,2.8,33.43,1,88,3,9,7.98,10
RICE,NSF.PROJECT.OBS,Oryza sativa,GSOR301371,GSOR301371,Nortai,United States,NSFTV388,CIor9836,1882989,7,25,0,5,2,3,89,2,5.3,2.8,24.31,2,98,5,8.3,7.26,16
RICE,NSF.PROJECT.OBS,Oryza sativa,GSOR301372,GSOR301372,CI 11011,United States,NSFTV389,CIor11011,1882990,7,22,0,1,2,5,107,8,5.7,2.7,23,5,121,3,8.8,7.8,17
RICE,NSF.PROJECT.OBS,Oryza sativa,GSOR301373,GSOR301373,CI 11026,United States,NSFTV390,CIor11026,1882991,6.2,21,9,2,2,4,91,3,6.6,2.5,21.94,5,120,3,8.9,8.81,22
RICE,NSF.PROJECT.OBS,Oryza sativa,GSOR301374,GSOR301374,Della,United States,NSFTV391,CIor9483,1882992,5,22,,4.5,2,3,86,2,7.4,2.1,15.51,3,102,3,,9.84,21
RICE,NSF.PROJECT.OBS,Oryza sativa,GSOR301375,GSOR301375,Edith,United States,NSFTV392,CIor2127,1882993,3.3,18,0,7.5,2,3,89,2,7.3,2.5,44.07,5,122,3,7.5,9.71,15
RICE,NSF.PROJECT.OBS,Oryza sativa,GSOR301376,GSOR301376,La 110,United States,NSFTV393,CIor9962,1882994,7,18,0,1,2,3,87,2,5.9,2.7,28.3,2,95,7,8.6,8.06,26
RICE,NSF.PROJECT.OBS,Oryza sativa,GSOR301377,GSOR301377,Lady Wright Seln,United States,NSFTV394,CIor12187,1882995,3.4,1,0,6.5,2,3,86,2,7.1,2.7,21.45,4,118,3,8.2,9.44,15
RICE,NSF.PROJECT.OBS,Oryza sativa,GSOR301378,GSOR301378,OS 6 (WC 10296),Zaire,NSFTV395,PI373197,1882996,5.5,0,1,8.5,2,4,91,2,6.7,2.8,23.03,4,118,3,7.3,8.99,22
RICE,NSF.PROJECT.OBS,Oryza sativa,GSOR301379,GSOR301379,Cocodrie,United States,NSFTV396,PI606331,1882997,5,23,,,2,3,84,2,7,2.2,16.16,2,95,3,,9.03,25
RICE,NSF.PROJECT.OBS,Oryza sativa,GSOR301380,GSOR301380,Cybonnet,United States,NSFTV397,PI636726,1882998,5,20,0,,2,3,86,2,7.2,2.1,26.33,2,96,3,7.7,9.13,22
RICE,NSF.PROJECT.OBS,Oryza sativa,GSOR301381,GSOR301381,Spring,United States,NSFTV399,PI643121,1882999,4,18,0,1,2,2,75,2,6.8,2.2,29.25,3,100,3,8.5,8.85,21
RICE,NSF.PROJECT.OBS,Oryza sativa,GSOR301382,GSOR301382,Baguamon 15,Bangladesh,NSFTV11,IRGC6590,1883000,7,20,,1.5,2,,,4,5.6,2.2,20.62,9,174,7,9.7,8.14,20.3
RICE,NSF.PROJECT.OBS,Oryza sativa,GSOR301383,GSOR301383,Beonjo,South Korea,NSFTV15,IRGC55457,1883001,7,14,0,4,2,4,92,2,5.3,2.9,19.17,5,121,3,9.2,7.47,16.74
RICE,NSF.PROJECT.OBS,Oryza sativa,GSOR301386,GSOR301386,Gyehwa 3,South Korea,NSFTV62,PI584598,1883002,7,24,0,5,2,3,86,2,5.5,3,26.24,2,95,3,8.5,8.59,18.95
RICE,NSF.PROJECT.OBS,Oryza sativa,GSOR301387,GSOR301387,Haginomae Mochi,Japan,NSFTV63,IRGC2540,1883003,7,21,1,5.5,2,5,100,5,4.8,2.9,18.72,4,116,3,8,6.89,1.29
RICE,NSF.PROJECT.OBS,Oryza sativa,GSOR301388,GSOR301388,Heukgyeong,South Korea,NSFTV64,IRGC55530,1883004,7,19,9,2.5,2,3,87,5,4.8,2.9,26.92,5,127,5,9.5,6.67,0.38
RICE,NSF.PROJECT.OBS,Oryza sativa,GSOR301390,GSOR301390,Pankhari 203,India,NSFTV124,IRGC5999,1883005,7,27,,5,2,6,117,2,5.5,1.9,19.78,8,150,3,7.1,8.93,23.27
RICE,NSF.PROJECT.OBS,Oryza sativa,GSOR301393,GSOR301393,Guatemala 1021,Guatemala,NSFTV352,PI163575,1883006,4.3,25,0,5,2,3,83,2,6.5,2.6,18.5,6,137,3,8.8,8.64,20
RICE,NSF.PROJECT.OBS,Oryza sativa,GSOR301396,GSOR301396,WC 2810,Ponape Island,NSFTV375,PI155989,1883007,5.8,24,0,5.5,2,3,88,2,7.2,2.7,27.03,7,141,1,8,9.52,22
RICE,NSF.PROJECT.OBS,Oryza sativa,GSOR301399,GSOR301399,93-11,China,NSFTV398,GSOR301399,1883008,7,22,1,,3,4,93,2,6.9,2.4,30.64,4,114,3,7.4,9.34,18
RICE,NSF.PROJECT.OBS,Oryza sativa,GSOR301400,GSOR301400,Yang Dao 6,China,NSFTV400,GSOR301400,1883009,7,17,5,1.8,2,4,94,2,6.8,2.4,27.85,4,110,3,8,9.34,18
RICE,NSF.PROJECT.OBS,Oryza sativa,GSOR301401,GSOR301401,IR64,,NSFTV401,,1883010,6.4,24,5,1,2,4,97,2,6.8,2.2,21.91,3,106,3,9.1,,
RICE,NSF.PROJECT.OBS,Oryza sativa,GSOR301402,GSOR301402,LaGrue,United States,NSFTV621,PI568891,1883011,6.4,23,1,1,2,3,88,2,7.4,2.3,19.12,3,102,1,8.7,9.36,21.12
RICE,NSF.PROJECT.OBS,Oryza sativa,GSOR301404,GSOR301404,Pecos,United States,NSFTV618,PI476818,1883012,7,22,0,8.5,2,3,80,4,5.7,2.7,24.96,2,97,3,8.2,7.73,12.98
RICE,NSF.PROJECT.OBS,Oryza sativa,GSOR301405,GSOR301405,Rosemont,United States,NSFTV619,PI546365,1883013,5.9,17,0,1.5,2,3,82,2,7.3,2.2,25.04,1,89,5,8.2,9.15,20.13
RICE,NSF.PROJECT.OBS,Oryza sativa,GSOR301406,GSOR301406,Jasmine85,Philippines,NSFTV620,PI595927,1883014,7,25,0,1,2,4,92,2,7.1,2.2,24.12,4,110,3,8.4,9.74,14.71
RICE,NSF.PROJECT.OBS,Oryza sativa,GSOR301407,GSOR301407,Shufeng 121-1655,China,NSFTV623,PI615015 mutant,1883015,6.8,18,0,8,2,4,90,2,6.7,2.3,23.97,3,105,3,8.8,9.19,23.71
RICE,NSF.PROJECT.OBS,Oryza sativa,GSOR301408,GSOR301408,Kaybonnet,United States,NSFTV624,PI583278,1883016,6.6,20,0,1,2,4,91,2,6.8,2,21.69,3,108,3,9.8,9.07,20.18
RICE,NSF.PROJECT.OBS,Oryza sativa,GSOR301409,GSOR301409,Jefferson,United States,NSFTV628,PI593892,1883017,6.2,26,0,1,2,3,83,2,7.4,2.4,25.14,1,82,3,8.7,9.63,17.68
RICE,NSF.PROJECT.OBS,Oryza sativa,GSOR301410,GSOR301410,Panda,Italy,NSFTV629,PI560299,1883018,5.2,26,0,2,2,2,73,2,7.7,2.2,21.91,3,107,7,9.6,9.76,15.51
RICE,NSF.PROJECT.OBS,Oryza sativa,GSOR301411,GSOR301411,Saber,United States,NSFTV630,PI633624,1883019,5.6,22,0,3.5,2,3,87,2,6.7,2.1,17.61,2,99,3,9.5,8.79,17.08
RICE,NSF.PROJECT.OBS,Oryza sativa,GSOR301412,GSOR301412,Dragon Eyeball 100,China,NSFTV631,GSOR301412,1883020,7,13,5,7,7,5,102,8,6.4,2.8,26.48,4,113,3,9.1,8.45,17.35
RICE,NSF.PROJECT.OBS,Oryza sativa,GSOR301413,GSOR301413,Francis,United States,NSFTV632,PI632447,1883021,5.1,23,0,1,2,3,86,2,7.2,2.1,20.88,3,104,1,8.2,9.27,20.28
RICE,NSF.PROJECT.OBS,Oryza sativa,GSOR301414,GSOR301414,Jing 185-7,China,NSFTV633,PI615205,1883022,7,27,0,1,2,4,93,2,6.5,2.1,22.42,2,91,9,8.4,8.48,24.1
RICE,NSF.PROJECT.OBS,Oryza sativa,GSOR301415,GSOR301415,Rondo (4484-1693),China,NSFTV634,PI615022 mutant,1883023,7,23,1,5,2,4,90,2,7,2.3,26.4,3,104,3,8.2,9.48,23.32
RICE,NSF.PROJECT.OBS,Oryza sativa,GSOR301416,GSOR301416,RT0034,United States,NSFTV616,GSOR101518,1883024,7,24,0,6,2,3,83,2,7.6,1.9,25.36,4,112,3,8.6,10.14,24.06
RICE,NSF.PROJECT.OBS,Oryza sativa,GSOR301417,GSOR301417,MCR010277,United States,NSFTV617,GSOR200327,1883025,5.2,16,0,6,2,4,90,2,6.9,2,24.08,2,97,5,9.1,8.73,20.36
RICE,NSF.PROJECT.OBS,Oryza sativa,GSOR301418,GSOR301418,Bengal,United States,NSFTV622,PI561735,1883026,7,21,0,1,2,3,86,2,6.3,2.6,28.63,2,91,3,9.8,8.57,11.34
RICE,NSF.PROJECT.OBS,Oryza sativa,GSOR301419,GSOR301419,Katy,United States,NSFTV625,PI527707,1883027,6.7,20,0,5,2,3,88,2,7.3,2.1,24.51,3,108,3,8,9.04,20.21
RICE,NSF.PROJECT.OBS,Oryza sativa,GSOR301420,GSOR301420,C101A51,Philippines,NSFTV626,PI597053,1883028,6.6,21,0,4,2,4,90,2,5.6,2.6,23.75,3,107,9,9.8,7.59,24.39
RICE,NSF.PROJECT.OBS,Oryza sativa,GSOR301421,GSOR301421,Early,United States,NSFTV627, GSOR100361,1883029,6,26,0,,2,1,65,2,7.6,2.3,19.93,2,90,5,9.3,9.92,20.08
RICE,NSF.PROJECT.OBS,Oryza sativa,GSOR312001,GSOR312001,Azucena,Philipppines,NSFTV635,IRGC328,1837884,6.9,23,0,,2,4,92,2,7.4,2.4,28.5,6,138,1,8.2,,
RICE,NSF.PROJECT.OBS,Oryza sativa,GSOR312002,GSOR312002,Sadu Cho,Korea,NSFTV636,IRGC2243,1837885,7,25,0,1,2,2,73,2,6.2,2.5,24.98,7,141,7,8.2,,
RICE,NSF.PROJECT.OBS,Oryza sativa,GSOR312004,GSOR312003,N 22,India,NSFTV637,IRGC6264,1837887,6.8,24,0,1,2,4,92,4,6.6,2.9,28.73,5,120,1,8.6,,
RICE,NSF.PROJECT.OBS,Oryza sativa,GSOR312005,GSOR312004,Moroberekan,Guinea,NSFTV638,IRGC12048,1837888,7,19,1,4,2,3,81,2,5.2,3,26.05,2,95,3,7.3,,
RICE,NSF.PROJECT.OBS,Oryza sativa,GSOR312006,GSOR312005,Nipponbare,Japan,NSFTV639,IRGC12731,1837889,7,21,9,,2,2,78,2,7.2,2.1,22.81,9,164,,7.4,,
RICE,NSF.PROJECT.OBS,Oryza sativa,GSOR312007,GSOR312006,Dom Sufid,Iran,NSFTV640,IRGC12880,1837890,7,18,0,6,2,3,82,2,5,3.1,27.02,3,108,3,9.3,,
RICE,NSF.PROJECT.OBS,Oryza sativa,GSOR312008,GSOR312007,Tainung 67,Taiwan,NSFTV641,IRGC47743,1837891,6,24,0,1,2,1,69,2,6,2.8,27.58,1,89,5,8.3,,
RICE,NSF.PROJECT.OBS,Oryza sativa,GSOR312009,GSOR312008,Zhenshan 97B,China,NSFTV642,IRGC60136,1837892,5.1,18,0,1,2,4,95,2,7,2.5,27.98,3,105,3,10.8,,
RICE,NSF.PROJECT.OBS,Oryza sativa,GSOR312010,GSOR312009,Minghui 63,China,NSFTV643,IRGC63755,1837893,0,23,0,2,2,4,90,2,7.2,2.2,26.71,2,98,,7.3,,
RICE,NSF.PROJECT.OBS,Oryza sativa,GSOR312011,GSOR312010,IR64,Philippines,NSFTV644,IRGC66970,1837894,7,14,0,6,2,1,66,2,6,2.8,30.1,0,72,1,9.8,,
RICE,NSF.PROJECT.OBS,Oryza sativa,GSOR312012,GSOR312011,M-202,United States,NSFTV645,IRGC77142,1837895,,,0,,4,8,133,5,5.4,2.2,13.16,0,78,,,,
RICE,NSF.PROJECT.OBS,Oryza sativa,GSOR312013,GSOR312012,Swarna,India,NSFTV646,IRTP12715,1837896,6.8,23,0,4,2,3,86,2,7,2.2,22.31,2,95,1,9.2,,
RICE,NSF.PROJECT.OBS,Oryza sativa,GSOR312014,GSOR312013,Cypress,United States,NSFTV647,IRTP19532,1837897,7,25,0,,2,3,85,2,5.7,2,16.81,4,115,3,8.1,,
RICE,NSF.PROJECT.OBS,Oryza sativa,GSOR312015,GSOR312015,FR13A,India,NSFTV649,IRGC6144,1837898,,,,,5,,,,,,,,,,,,
RICE,NSF.PROJECT.OBS,Oryza sativa,GSOR312016,GSOR312016,Aswina,Bangladesh,NSFTV650,IRGC32561,1837899,,,,,5,,,,,,,,,,,,
RICE,NSF.PROJECT.OBS,Oryza sativa,GSOR312017,GSOR312017,Dular,India,NSFTV651,IRGC32561,1837900,5.9,25,0,,4,2,70,5,6.3,2.4,23.81,6,147,7,8.2,,
RICE,NSF.PROJECT.OBS,Oryza sativa,GSOR312018,GSOR312018,Li-Jiang-Xin-Tuan-Hei-Gu,China,NSFTV652,IRGC59323,1837901,6.9,22,0,8,3,3,81,7,5.4,2.7,17.3,7,142,3,6.9,,
RICE,NSF.PROJECT.OBS,Oryza sativa,GSOR312020,GSOR312020,Pokkali,SriLanka,NSFTV654,IRGC108921,1837903,,,,,5,,,,,,,,,,,,